i,j,lat,lon,RH;;;;
1;1;329.944;-119.942;73,23
1;2;329.944;-119.909;71,79
1;3;329.944;-119.877;69,99
1;4;329.944;-119.844;67,72
1;5;329.944;-119.812;65,77
1;6;329.944;-119,78;64,05
1;7;329.944;-119.747;62,78
1;8;329.944;-119.715;61,60
1;9;329.944;-119.682;60,78
1;10;329.944;-119,65;60,18
1;11;329.944;-119.617;60,28
1;12;329.944;-119.585;61,18
1;13;329.944;-119.552;63,07
1;14;329.944;-119,52;64,62
1;15;329.944;-119.487;65,88
1;16;329.944;-119.455;66,70
1;17;329.944;-119.422;67,38
1;18;329.944;-119,39;67,85
1;19;329.944;-119.358;68,10
1;20;329.944;-119.325;68,01
1;21;329.944;-119.293;67,30
1;22;329.944;-119,26;65,83
1;23;329.944;-119.228;66,19
1;24;329.944;-119.195;68,15
1;25;329.944;-119.163;72,16
1;26;329.944;-119,13;75,29
1;27;329.944;-119.098;77,88
1;28;329.944;-119.065;79,40
1;29;329.944;-119.033;81,30
1;30;329.944;-119;83,11
1;31;329.944;-118.968;85,04
1;32;329.944;-118.936;86,13
1;33;329.944;-118.903;86,12
1;34;329.944;-118.871;85,91
1;35;329.944;-118.838;85,93
1;36;329.944;-118.806;85,50
1;37;329.944;-118.773;85,26
1;38;329.944;-118.741;84,26
1;39;329.944;-118.708;82,97
1;40;329.944;-118.676;80,83
1;41;329.944;-118.643;79,85
1;42;329.944;-118.611;79,58
1;43;329.944;-118.579;79,46
1;44;329.944;-118.546;79,51
1;45;329.944;-118.514;78,97
1;46;329.944;-118.481;77,62
1;47;329.944;-118.449;77,47
1;48;329.944;-118.416;77,12
1;49;329.944;-118.384;78,34
1;50;329.944;-118.351;77,43
1;51;329.944;-118.319;76,34
1;52;329.944;-118.286;73,24
1;53;329.944;-118.254;70,97
1;54;329.944;-118.221;68,80
1;55;329.944;-118.189;66,89
1;56;329.944;-118.157;66,03
1;57;329.944;-118.124;66,18
1;58;329.944;-118.092;67,64
1;59;329.944;-118.059;67,28
1;60;329.944;-118.027;67,49
1;61;329.944;-117.994;68,18
1;62;329.944;-117.962;67,56
1;63;329.944;-117.929;67,34
1;64;329.944;-117.897;66,82
1;65;329.944;-117.864;66,96
1;66;329.944;-117.832;67,58
1;67;329.944;-117.799;68,82
1;68;329.944;-117.767;69,48
1;69;329.944;-117.735;69,59
1;70;329.944;-117.702;69,79
1;71;329.944;-117,67;69,93
1;72;329.944;-117.637;69,01
1;73;329.944;-117.605;67,46
1;74;329.944;-117.572;65,94
1;75;329.944;-117,54;64,45
1;76;329.944;-117.507;63,01
1;77;329.944;-117.475;61,94
1;78;329.944;-117.442;61,17
1;79;329.944;-117,41;60,49
1;80;329.944;-117.378;60,10
1;81;329.944;-117.345;58,89
1;82;329.944;-117.313;56,93
1;83;329.944;-117,28;55,20
1;84;329.944;-117.248;52,75
1;85;329.944;-117.215;49,76
1;86;329.944;-117.183;47,59
1;87;329.944;-117,15;45,87
1;88;329.944;-117.118;45,06
1;89;329.944;-117.085;43,36
1;90;329.944;-117.053;41,52
1;91;329.944;-117,02;38,79
1;92;329.944;-116.988;37,63
1;93;329.944;-116.956;36,95
1;94;329.944;-116.923;37,95
1;95;329.944;-116.891;36,52
1;96;329.944;-116.858;33,88
1;97;329.944;-116.826;29,53
1;98;329.944;-116.793;26,82
1;99;329.944;-116.761;25,07
2;1;330.216;-119.942;74,12
2;2;330.216;-119.909;72,68
2;3;330.216;-119.877;70,82
2;4;330.216;-119.844;68,39
2;5;330.216;-119.812;66,30
2;6;330.216;-119,78;64,42
2;7;330.216;-119.747;63,22
2;8;330.216;-119.715;62,07
2;9;330.216;-119.682;61,04
2;10;330.216;-119,65;59,96
2;11;330.216;-119.617;59,58
2;12;330.216;-119.585;60,35
2;13;330.216;-119.552;62,20
2;14;330.216;-119,52;63,71
2;15;330.216;-119.487;65,09
2;16;330.216;-119.455;66,12
2;17;330.216;-119.422;67,20
2;18;330.216;-119,39;68,05
2;19;330.216;-119.358;68,65
2;20;330.216;-119.325;68,60
2;21;330.216;-119.293;67,86
2;22;330.216;-119,26;66,29
2;23;330.216;-119.228;66,10
2;24;330.216;-119.195;67,41
2;25;330.216;-119.163;70,34
2;26;330.216;-119,13;72,92
2;27;330.216;-119.098;75,50
2;28;330.216;-119.065;77,53
2;29;330.216;-119.033;80,35
2;30;330.216;-119;81,61
2;31;330.216;-118.968;84,23
2;32;330.216;-118.936;85,29
2;33;330.216;-118.903;85,40
2;34;330.216;-118.871;85,18
2;35;330.216;-118.838;85,34
2;36;330.216;-118.806;85,01
2;37;330.216;-118.773;85,06
2;38;330.216;-118.741;84,21
2;39;330.216;-118.708;83,19
2;40;330.216;-118.676;81,07
2;41;330.216;-118.643;79,99
2;42;330.216;-118.611;81,45
2;43;330.216;-118.579;83,34
2;44;330.216;-118.546;83,31
2;45;330.216;-118.514;81,66
2;46;330.216;-118.481;76,62
2;47;330.216;-118.449;74,44
2;48;330.216;-118.416;74,15
2;49;330.216;-118.384;76,96
2;50;330.216;-118.351;77,33
2;51;330.216;-118.319;76,50
2;52;330.216;-118.286;73,57
2;53;330.216;-118.254;71,22
2;54;330.216;-118.221;69,18
2;55;330.216;-118.189;67,47
2;56;330.216;-118.157;66,57
2;57;330.216;-118.124;66,64
2;58;330.216;-118.092;67,40
2;59;330.216;-118.059;68,05
2;60;330.216;-118.027;68,06
2;61;330.216;-117.994;67,65
2;62;330.216;-117.962;67,25
2;63;330.216;-117.929;66,72
2;64;330.216;-117.897;66,05
2;65;330.216;-117.864;66,13
2;66;330.216;-117.832;66,81
2;67;330.216;-117.799;68,02
2;68;330.216;-117.767;69,23
2;69;330.216;-117.735;69,24
2;70;330.216;-117.702;69,44
2;71;330.216;-117,67;69,19
2;72;330.216;-117.637;68,02
2;73;330.216;-117.605;66,20
2;74;330.216;-117.572;64,45
2;75;330.216;-117,54;62,77
2;76;330.216;-117.507;61,10
2;77;330.216;-117.475;60,09
2;78;330.216;-117.442;59,61
2;79;330.216;-117,41;59,56
2;80;330.216;-117.378;59,11
2;81;330.216;-117.345;57,01
2;82;330.216;-117.313;52,71
2;83;330.216;-117,28;49,41
2;84;330.216;-117.248;46,58
2;85;330.216;-117.215;44,96
2;86;330.216;-117.183;43,51
2;87;330.216;-117,15;42,27
2;88;330.216;-117.118;41,14
2;89;330.216;-117.085;39,80
2;90;330.216;-117.053;38,18
2;91;330.216;-117,02;35,89
2;92;330.216;-116.988;34,23
2;93;330.216;-116.956;33,20
2;94;330.216;-116.923;33,42
2;95;330.216;-116.891;32,75
2;96;330.216;-116.858;30,95
2;97;330.216;-116.826;27,12
2;98;330.216;-116.793;24,94
2;99;330.216;-116.761;24,12
3;1;330.488;-119.942;75,00
3;2;330.488;-119.909;73,55
3;3;330.488;-119.877;71,64
3;4;330.488;-119.844;69,03
3;5;330.488;-119.812;66,79
3;6;330.488;-119,78;64,33
3;7;330.488;-119.747;63,18
3;8;330.488;-119.715;62,44
3;9;330.488;-119.682;61,60
3;10;330.488;-119,65;60,12
3;11;330.488;-119.617;58,69
3;12;330.488;-119.585;58,72
3;13;330.488;-119.552;60,78
3;14;330.488;-119,52;62,91
3;15;330.488;-119.487;64,50
3;16;330.488;-119.455;65,50
3;17;330.488;-119.422;66,67
3;18;330.488;-119,39;67,80
3;19;330.488;-119.358;68,62
3;20;330.488;-119.325;68,76
3;21;330.488;-119.293;68,67
3;22;330.488;-119,26;67,79
3;23;330.488;-119.228;67,78
3;24;330.488;-119.195;67,74
3;25;330.488;-119.163;70,20
3;26;330.488;-119,13;72,04
3;27;330.488;-119.098;74,54
3;28;330.488;-119.065;77,18
3;29;330.488;-119.033;79,75
3;30;330.488;-119;81,75
3;31;330.488;-118.968;83,46
3;32;330.488;-118.936;84,07
3;33;330.488;-118.903;84,99
3;34;330.488;-118.871;85,05
3;35;330.488;-118.838;84,68
3;36;330.488;-118.806;84,64
3;37;330.488;-118.773;84,75
3;38;330.488;-118.741;84,18
3;39;330.488;-118.708;83,54
3;40;330.488;-118.676;81,68
3;41;330.488;-118.643;81,10
3;42;330.488;-118.611;81,44
3;43;330.488;-118.579;82,86
3;44;330.488;-118.546;81,88
3;45;330.488;-118.514;81,23
3;46;330.488;-118.481;76,47
3;47;330.488;-118.449;74,42
3;48;330.488;-118.416;74,34
3;49;330.488;-118.384;76,24
3;50;330.488;-118.351;76,69
3;51;330.488;-118.319;76,19
3;52;330.488;-118.286;73,94
3;53;330.488;-118.254;72,40
3;54;330.488;-118.221;71,16
3;55;330.488;-118.189;70,08
3;56;330.488;-118.157;68,80
3;57;330.488;-118.124;69,83
3;58;330.488;-118.092;69,24
3;59;330.488;-118.059;70,67
3;60;330.488;-118.027;69,14
3;61;330.488;-117.994;68,21
3;62;330.488;-117.962;67,29
3;63;330.488;-117.929;66,57
3;64;330.488;-117.897;65,96
3;65;330.488;-117.864;66,03
3;66;330.488;-117.832;66,53
3;67;330.488;-117.799;67,61
3;68;330.488;-117.767;68,73
3;69;330.488;-117.735;68,64
3;70;330.488;-117.702;68,45
3;71;330.488;-117,67;67,98
3;72;330.488;-117.637;66,67
3;73;330.488;-117.605;64,82
3;74;330.488;-117.572;62,98
3;75;330.488;-117,54;61,19
3;76;330.488;-117.507;59,21
3;77;330.488;-117.475;58,15
3;78;330.488;-117.442;57,76
3;79;330.488;-117,41;58,17
3;80;330.488;-117.378;57,62
3;81;330.488;-117.345;54,97
3;82;330.488;-117.313;49,91
3;83;330.488;-117,28;44,99
3;84;330.488;-117.248;41,37
3;85;330.488;-117.215;39,67
3;86;330.488;-117.183;38,38
3;87;330.488;-117,15;37,27
3;88;330.488;-117.118;36,22
3;89;330.488;-117.085;35,11
3;90;330.488;-117.053;33,86
3;91;330.488;-117,02;31,98
3;92;330.488;-116.988;30,61
3;93;330.488;-116.956;29,57
3;94;330.488;-116.923;29,67
3;95;330.488;-116.891;28,68
3;96;330.488;-116.858;26,97
3;97;330.488;-116.826;24,42
3;98;330.488;-116.793;23,62
3;99;330.488;-116.761;23,80
4;1;33.076;-119.942;75,90
4;2;33.076;-119.909;74,39
4;3;33.076;-119.877;72,38
4;4;33.076;-119.844;69,66
4;5;33.076;-119.812;67,39
4;6;33.076;-119,78;63,67
4;7;33.076;-119.747;62,63
4;8;33.076;-119.715;62,82
4;9;33.076;-119.682;62,62
4;10;33.076;-119,65;61,22
4;11;33.076;-119.617;57,91
4;12;33.076;-119.585;55,86
4;13;33.076;-119.552;58,57
4;14;33.076;-119,52;62,31
4;15;33.076;-119.487;64,43
4;16;33.076;-119.455;65,13
4;17;33.076;-119.422;65,78
4;18;33.076;-119,39;67,11
4;19;33.076;-119.358;68,16
4;20;33.076;-119.325;68,76
4;21;33.076;-119.293;69,23
4;22;33.076;-119,26;69,19
4;23;33.076;-119.228;69,92
4;24;33.076;-119.195;69,23
4;25;33.076;-119.163;68,94
4;26;33.076;-119,13;69,38
4;27;33.076;-119.098;71,57
4;28;33.076;-119.065;75,35
4;29;33.076;-119.033;79,04
4;30;33.076;-119;81,40
4;31;33.076;-118.968;82,49
4;32;33.076;-118.936;83,71
4;33;33.076;-118.903;85,27
4;34;33.076;-118.871;84,83
4;35;33.076;-118.838;84,46
4;36;33.076;-118.806;84,45
4;37;33.076;-118.773;84,19
4;38;33.076;-118.741;84,27
4;39;33.076;-118.708;84,62
4;40;33.076;-118.676;83,50
4;41;33.076;-118.643;81,28
4;42;33.076;-118.611;80,15
4;43;33.076;-118.579;79,85
4;44;33.076;-118.546;79,61
4;45;33.076;-118.514;78,42
4;46;33.076;-118.481;77,69
4;47;33.076;-118.449;76,27
4;48;33.076;-118.416;75,95
4;49;33.076;-118.384;75,92
4;50;33.076;-118.351;75,61
4;51;33.076;-118.319;75,56
4;52;33.076;-118.286;74,67
4;53;33.076;-118.254;74,70
4;54;33.076;-118.221;75,18
4;55;33.076;-118.189;75,32
4;56;33.076;-118.157;75,88
4;57;33.076;-118.124;76,43
4;58;33.076;-118.092;77,17
4;59;33.076;-118.059;76,29
4;60;33.076;-118.027;69,20
4;61;33.076;-117.994;69,20
4;62;33.076;-117.962;66,94
4;63;33.076;-117.929;66,17
4;64;33.076;-117.897;65,88
4;65;33.076;-117.864;66,29
4;66;33.076;-117.832;66,89
4;67;33.076;-117.799;67,90
4;68;33.076;-117.767;68,24
4;69;33.076;-117.735;68,00
4;70;33.076;-117.702;67,04
4;71;33.076;-117,67;66,19
4;72;33.076;-117.637;64,88
4;73;33.076;-117.605;63,42
4;74;33.076;-117.572;61,66
4;75;33.076;-117,54;59,85
4;76;33.076;-117.507;57,42
4;77;33.076;-117.475;56,06
4;78;33.076;-117.442;55,61
4;79;33.076;-117,41;56,49
4;80;33.076;-117.378;55,88
4;81;33.076;-117.345;53,58
4;82;33.076;-117.313;46,59
4;83;33.076;-117,28;39,26
4;84;33.076;-117.248;34,59
4;85;33.076;-117.215;32,58
4;86;33.076;-117.183;31,30
4;87;33.076;-117,15;30,31
4;88;33.076;-117.118;29,84
4;89;33.076;-117.085;29,26
4;90;33.076;-117.053;28,47
4;91;33.076;-117,02;27,16
4;92;33.076;-116.988;25,99
4;93;33.076;-116.956;25,17
4;94;33.076;-116.923;24,71
4;95;33.076;-116.891;23,92
4;96;33.076;-116.858;23,18
4;97;33.076;-116.826;22,64
4;98;33.076;-116.793;23,00
4;99;33.076;-116.761;23,75
5;1;331.032;-119.942;76,73
5;2;331.032;-119.909;75,16
5;3;331.032;-119.877;73,02
5;4;331.032;-119.844;70,07
5;5;331.032;-119.812;67,95
5;6;331.032;-119,78;62,93
5;7;331.032;-119.747;62,06
5;8;331.032;-119.715;62,91
5;9;331.032;-119.682;63,28
5;10;331.032;-119,65;63,04
5;11;331.032;-119.617;58,41
5;12;331.032;-119.585;52,80
5;13;331.032;-119.552;54,89
5;14;331.032;-119,52;60,68
5;15;331.032;-119.487;64,13
5;16;331.032;-119.455;65,07
5;17;331.032;-119.422;64,70
5;18;331.032;-119,39;66,12
5;19;331.032;-119.358;66,88
5;20;331.032;-119.325;67,84
5;21;331.032;-119.293;68,36
5;22;331.032;-119,26;68,70
5;23;331.032;-119.228;69,87
5;24;331.032;-119.195;69,43
5;25;331.032;-119.163;69,57
5;26;331.032;-119,13;68,21
5;27;331.032;-119.098;69,56
5;28;331.032;-119.065;72,92
5;29;331.032;-119.033;78,00
5;30;331.032;-119;81,14
5;31;331.032;-118.968;81,69
5;32;331.032;-118.936;82,43
5;33;331.032;-118.903;85,52
5;34;331.032;-118.871;84,41
5;35;331.032;-118.838;85,18
5;36;331.032;-118.806;84,61
5;37;331.032;-118.773;83,73
5;38;331.032;-118.741;83,40
5;39;331.032;-118.708;84,84
5;40;331.032;-118.676;85,63
5;41;331.032;-118.643;82,23
5;42;331.032;-118.611;79,66
5;43;331.032;-118.579;78,73
5;44;331.032;-118.546;78,87
5;45;331.032;-118.514;77,74
5;46;331.032;-118.481;79,33
5;47;331.032;-118.449;76,87
5;48;331.032;-118.416;77,51
5;49;331.032;-118.384;75,95
5;50;331.032;-118.351;75,43
5;51;331.032;-118.319;75,31
5;52;331.032;-118.286;73,62
5;53;331.032;-118.254;74,24
5;54;331.032;-118.221;75,08
5;55;331.032;-118.189;75,75
5;56;331.032;-118.157;76,62
5;57;331.032;-118.124;77,49
5;58;331.032;-118.092;77,70
5;59;331.032;-118.059;78,83
5;60;331.032;-118.027;79,17
5;61;331.032;-117.994;74,68
5;62;331.032;-117.962;67,94
5;63;331.032;-117.929;65,92
5;64;331.032;-117.897;65,71
5;65;331.032;-117.864;66,49
5;66;331.032;-117.832;67,28
5;67;331.032;-117.799;68,11
5;68;331.032;-117.767;68,97
5;69;331.032;-117.735;67,22
5;70;331.032;-117.702;65,79
5;71;331.032;-117,67;65,04
5;72;331.032;-117.637;63,76
5;73;331.032;-117.605;62,25
5;74;331.032;-117.572;60,48
5;75;331.032;-117,54;58,69
5;76;331.032;-117.507;56,75
5;77;331.032;-117.475;54,80
5;78;331.032;-117.442;52,96
5;79;331.032;-117,41;52,03
5;80;331.032;-117.378;51,45
5;81;331.032;-117.345;53,48
5;82;331.032;-117.313;43,65
5;83;331.032;-117,28;33,39
5;84;331.032;-117.248;29,46
5;85;331.032;-117.215;27,93
5;86;331.032;-117.183;27,21
5;87;331.032;-117,15;26,77
5;88;331.032;-117.118;26,27
5;89;331.032;-117.085;25,97
5;90;331.032;-117.053;24,90
5;91;331.032;-117,02;23,35
5;92;331.032;-116.988;22,50
5;93;331.032;-116.956;22,20
5;94;331.032;-116.923;22,14
5;95;331.032;-116.891;22,42
5;96;331.032;-116.858;22,85
5;97;331.032;-116.826;22,92
5;98;331.032;-116.793;23,44
5;99;331.032;-116.761;24,32
6;1;331.304;-119.942;77,53
6;2;331.304;-119.909;75,89
6;3;331.304;-119.877;73,61
6;4;331.304;-119.844;70,44
6;5;331.304;-119.812;67,82
6;6;331.304;-119,78;63,05
6;7;331.304;-119.747;62,13
6;8;331.304;-119.715;62,64
6;9;331.304;-119.682;62,69
6;10;331.304;-119,65;62,94
6;11;331.304;-119.617;59,83
6;12;331.304;-119.585;52,61
6;13;331.304;-119.552;51,60
6;14;331.304;-119,52;57,35
6;15;331.304;-119.487;62,46
6;16;331.304;-119.455;64,90
6;17;331.304;-119.422;63,93
6;18;331.304;-119,39;65,27
6;19;331.304;-119.358;65,54
6;20;331.304;-119.325;66,23
6;21;331.304;-119.293;67,11
6;22;331.304;-119,26;67,21
6;23;331.304;-119.228;67,91
6;24;331.304;-119.195;70,40
6;25;331.304;-119.163;69,45
6;26;331.304;-119,13;69,25
6;27;331.304;-119.098;69,43
6;28;331.304;-119.065;71,48
6;29;331.304;-119.033;75,72
6;30;331.304;-119;79,80
6;31;331.304;-118.968;81,25
6;32;331.304;-118.936;80,94
6;33;331.304;-118.903;83,36
6;34;331.304;-118.871;85,02
6;35;331.304;-118.838;85,43
6;36;331.304;-118.806;86,28
6;37;331.304;-118.773;85,06
6;38;331.304;-118.741;82,07
6;39;331.304;-118.708;81,01
6;40;331.304;-118.676;83,52
6;41;331.304;-118.643;84,35
6;42;331.304;-118.611;82,22
6;43;331.304;-118.579;80,19
6;44;331.304;-118.546;80,05
6;45;331.304;-118.514;79,62
6;46;331.304;-118.481;80,02
6;47;331.304;-118.449;79,19
6;48;331.304;-118.416;78,30
6;49;331.304;-118.384;76,27
6;50;331.304;-118.351;74,27
6;51;331.304;-118.319;72,46
6;52;331.304;-118.286;70,55
6;53;331.304;-118.254;70,22
6;54;331.304;-118.221;71,00
6;55;331.304;-118.189;72,23
6;56;331.304;-118.157;73,73
6;57;331.304;-118.124;74,49
6;58;331.304;-118.092;74,03
6;59;331.304;-118.059;74,91
6;60;331.304;-118.027;79,38
6;61;331.304;-117.994;83,38
6;62;331.304;-117.962;79,01
6;63;331.304;-117.929;71,72
6;64;331.304;-117.897;68,26
6;65;331.304;-117.864;65,93
6;66;331.304;-117.832;66,52
6;67;331.304;-117.799;68,02
6;68;331.304;-117.767;70,16
6;69;331.304;-117.735;67,08
6;70;331.304;-117.702;65,10
6;71;331.304;-117,67;63,71
6;72;331.304;-117.637;62,49
6;73;331.304;-117.605;60,90
6;74;331.304;-117.572;59,13
6;75;331.304;-117,54;57,35
6;76;331.304;-117.507;55,46
6;77;331.304;-117.475;53,40
6;78;331.304;-117.442;51,98
6;79;331.304;-117,41;52,68
6;80;331.304;-117.378;50,98
6;81;331.304;-117.345;53,17
6;82;331.304;-117.313;35,78
6;83;331.304;-117,28;28,09
6;84;331.304;-117.248;26,42
6;85;331.304;-117.215;26,32
6;86;331.304;-117.183;26,39
6;87;331.304;-117,15;26,49
6;88;331.304;-117.118;26,31
6;89;331.304;-117.085;24,90
6;90;331.304;-117.053;22,09
6;91;331.304;-117,02;21,42
6;92;331.304;-116.988;21,73
6;93;331.304;-116.956;22,12
6;94;331.304;-116.923;22,70
6;95;331.304;-116.891;23,40
6;96;331.304;-116.858;23,85
6;97;331.304;-116.826;24,25
6;98;331.304;-116.793;24,82
6;99;331.304;-116.761;25,43
7;1;331.576;-119.942;78,25
7;2;331.576;-119.909;76,58
7;3;331.576;-119.877;74,21
7;4;331.576;-119.844;70,87
7;5;331.576;-119.812;68,04
7;6;331.576;-119,78;62,82
7;7;331.576;-119.747;61,79
7;8;331.576;-119.715;62,35
7;9;331.576;-119.682;62,40
7;10;331.576;-119,65;63,05
7;11;331.576;-119.617;60,83
7;12;331.576;-119.585;52,71
7;13;331.576;-119.552;48,61
7;14;331.576;-119,52;53,56
7;15;331.576;-119.487;59,86
7;16;331.576;-119.455;65,00
7;17;331.576;-119.422;63,19
7;18;331.576;-119,39;64,61
7;19;331.576;-119.358;64,76
7;20;331.576;-119.325;65,24
7;21;331.576;-119.293;65,98
7;22;331.576;-119,26;66,56
7;23;331.576;-119.228;66,74
7;24;331.576;-119.195;67,75
7;25;331.576;-119.163;68,23
7;26;331.576;-119,13;69,43
7;27;331.576;-119.098;68,84
7;28;331.576;-119.065;70,74
7;29;331.576;-119.033;74,20
7;30;331.576;-119;78,67
7;31;331.576;-118.968;80,87
7;32;331.576;-118.936;80,14
7;33;331.576;-118.903;81,46
7;34;331.576;-118.871;84,29
7;35;331.576;-118.838;85,55
7;36;331.576;-118.806;85,03
7;37;331.576;-118.773;84,64
7;38;331.576;-118.741;83,36
7;39;331.576;-118.708;81,52
7;40;331.576;-118.676;81,27
7;41;331.576;-118.643;82,46
7;42;331.576;-118.611;82,88
7;43;331.576;-118.579;81,59
7;44;331.576;-118.546;80,77
7;45;331.576;-118.514;79,73
7;46;331.576;-118.481;80,34
7;47;331.576;-118.449;80,88
7;48;331.576;-118.416;78,41
7;49;331.576;-118.384;75,38
7;50;331.576;-118.351;73,79
7;51;331.576;-118.319;71,27
7;52;331.576;-118.286;68,87
7;53;331.576;-118.254;67,96
7;54;331.576;-118.221;68,76
7;55;331.576;-118.189;70,19
7;56;331.576;-118.157;72,43
7;57;331.576;-118.124;73,26
7;58;331.576;-118.092;73,08
7;59;331.576;-118.059;72,39
7;60;331.576;-118.027;72,67
7;61;331.576;-117.994;76,11
7;62;331.576;-117.962;82,39
7;63;331.576;-117.929;82,59
7;64;331.576;-117.897;78,25
7;65;331.576;-117.864;71,99
7;66;331.576;-117.832;67,45
7;67;331.576;-117.799;66,61
7;68;331.576;-117.767;69,59
7;69;331.576;-117.735;67,84
7;70;331.576;-117.702;65,08
7;71;331.576;-117,67;63,21
7;72;331.576;-117.637;61,86
7;73;331.576;-117.605;60,55
7;74;331.576;-117.572;58,99
7;75;331.576;-117,54;57,17
7;76;331.576;-117.507;55,23
7;77;331.576;-117.475;53,03
7;78;331.576;-117.442;52,44
7;79;331.576;-117,41;47,53
7;80;331.576;-117.378;41,82
7;81;331.576;-117.345;35,43
7;82;331.576;-117.313;28,89
7;83;331.576;-117,28;26,93
7;84;331.576;-117.248;26,97
7;85;331.576;-117.215;27,25
7;86;331.576;-117.183;27,50
7;87;331.576;-117,15;27,43
7;88;331.576;-117.118;26,09
7;89;331.576;-117.085;22,34
7;90;331.576;-117.053;21,24
7;91;331.576;-117,02;22,10
7;92;331.576;-116.988;22,50
7;93;331.576;-116.956;22,94
7;94;331.576;-116.923;23,33
7;95;331.576;-116.891;23,96
7;96;331.576;-116.858;24,81
7;97;331.576;-116.826;25,76
7;98;331.576;-116.793;26,60
7;99;331.576;-116.761;27,27
8;1;331.848;-119.942;79,07
8;2;331.848;-119.909;77,29
8;3;331.848;-119.877;74,87
8;4;331.848;-119.844;71,51
8;5;331.848;-119.812;68,35
8;6;331.848;-119,78;63,01
8;7;331.848;-119.747;61,74
8;8;331.848;-119.715;62,07
8;9;331.848;-119.682;61,94
8;10;331.848;-119,65;62,61
8;11;331.848;-119.617;61,83
8;12;331.848;-119.585;54,24
8;13;331.848;-119.552;46,83
8;14;331.848;-119,52;49,82
8;15;331.848;-119.487;55,83
8;16;331.848;-119.455;64,87
8;17;331.848;-119.422;62,72
8;18;331.848;-119,39;64,03
8;19;331.848;-119.358;64,17
8;20;331.848;-119.325;64,40
8;21;331.848;-119.293;64,99
8;22;331.848;-119,26;65,81
8;23;331.848;-119.228;66,01
8;24;331.848;-119.195;66,45
8;25;331.848;-119.163;67,92
8;26;331.848;-119,13;67,77
8;27;331.848;-119.098;68,13
8;28;331.848;-119.065;69,35
8;29;331.848;-119.033;72,50
8;30;331.848;-119;76,82
8;31;331.848;-118.968;80,05
8;32;331.848;-118.936;79,81
8;33;331.848;-118.903;79,75
8;34;331.848;-118.871;82,56
8;35;331.848;-118.838;85,03
8;36;331.848;-118.806;84,97
8;37;331.848;-118.773;83,85
8;38;331.848;-118.741;81,97
8;39;331.848;-118.708;81,58
8;40;331.848;-118.676;82,56
8;41;331.848;-118.643;81,56
8;42;331.848;-118.611;82,72
8;43;331.848;-118.579;82,88
8;44;331.848;-118.546;81,38
8;45;331.848;-118.514;81,73
8;46;331.848;-118.481;81,84
8;47;331.848;-118.449;81,63
8;48;331.848;-118.416;78,88
8;49;331.848;-118.384;75,06
8;50;331.848;-118.351;72,33
8;51;331.848;-118.319;69,21
8;52;331.848;-118.286;67,48
8;53;331.848;-118.254;67,04
8;54;331.848;-118.221;67,35
8;55;331.848;-118.189;68,63
8;56;331.848;-118.157;71,43
8;57;331.848;-118.124;73,46
8;58;331.848;-118.092;73,84
8;59;331.848;-118.059;73,77
8;60;331.848;-118.027;73,56
8;61;331.848;-117.994;72,69
8;62;331.848;-117.962;74,37
8;63;331.848;-117.929;78,75
8;64;331.848;-117.897;83,00
8;65;331.848;-117.864;82,99
8;66;331.848;-117.832;76,11
8;67;331.848;-117.799;68,86
8;68;331.848;-117.767;67,70
8;69;331.848;-117.735;68,62
8;70;331.848;-117.702;66,44
8;71;331.848;-117,67;63,57
8;72;331.848;-117.637;61,49
8;73;331.848;-117.605;60,14
8;74;331.848;-117.572;58,85
8;75;331.848;-117,54;57,21
8;76;331.848;-117.507;55,53
8;77;331.848;-117.475;53,27
8;78;331.848;-117.442;53,24
8;79;331.848;-117,41;43,11
8;80;331.848;-117.378;35,61
8;81;331.848;-117.345;29,96
8;82;331.848;-117.313;27,26
8;83;331.848;-117,28;26,72
8;84;331.848;-117.248;26,69
8;85;331.848;-117.215;27,01
8;86;331.848;-117.183;27,28
8;87;331.848;-117,15;26,54
8;88;331.848;-117.118;23,18
8;89;331.848;-117.085;21,14
8;90;331.848;-117.053;21,66
8;91;331.848;-117,02;22,02
8;92;331.848;-116.988;22,70
8;93;331.848;-116.956;23,42
8;94;331.848;-116.923;24,16
8;95;331.848;-116.891;24,99
8;96;331.848;-116.858;26,00
8;97;331.848;-116.826;27,10
8;98;331.848;-116.793;27,98
8;99;331.848;-116.761;28,64
9;1;332.119;-119.942;79,95
9;2;332.119;-119.909;78,02
9;3;332.119;-119.877;75,52
9;4;332.119;-119.844;72,32
9;5;332.119;-119.812;69,09
9;6;332.119;-119,78;63,33
9;7;332.119;-119.747;61,79
9;8;332.119;-119.715;62,15
9;9;332.119;-119.682;62,08
9;10;332.119;-119,65;62,43
9;11;332.119;-119.617;62,51
9;12;332.119;-119.585;56,29
9;13;332.119;-119.552;46,12
9;14;332.119;-119,52;47,36
9;15;332.119;-119.487;51,37
9;16;332.119;-119.455;64,12
9;17;332.119;-119.422;62,20
9;18;332.119;-119,39;63,20
9;19;332.119;-119.358;63,35
9;20;332.119;-119.325;63,43
9;21;332.119;-119.293;63,78
9;22;332.119;-119,26;64,77
9;23;332.119;-119.228;65,63
9;24;332.119;-119.195;65,87
9;25;332.119;-119.163;66,13
9;26;332.119;-119,13;66,54
9;27;332.119;-119.098;67,06
9;28;332.119;-119.065;67,82
9;29;332.119;-119.033;70,70
9;30;332.119;-119;74,77
9;31;332.119;-118.968;78,51
9;32;332.119;-118.936;79,60
9;33;332.119;-118.903;78,89
9;34;332.119;-118.871;80,83
9;35;332.119;-118.838;83,75
9;36;332.119;-118.806;84,86
9;37;332.119;-118.773;84,31
9;38;332.119;-118.741;81,22
9;39;332.119;-118.708;79,96
9;40;332.119;-118.676;82,50
9;41;332.119;-118.643;82,38
9;42;332.119;-118.611;82,65
9;43;332.119;-118.579;82,68
9;44;332.119;-118.546;83,03
9;45;332.119;-118.514;82,83
9;46;332.119;-118.481;82,39
9;47;332.119;-118.449;82,80
9;48;332.119;-118.416;78,45
9;49;332.119;-118.384;74,16
9;50;332.119;-118.351;70,62
9;51;332.119;-118.319;67,16
9;52;332.119;-118.286;65,22
9;53;332.119;-118.254;65,38
9;54;332.119;-118.221;66,48
9;55;332.119;-118.189;67,95
9;56;332.119;-118.157;70,33
9;57;332.119;-118.124;73,77
9;58;332.119;-118.092;76,12
9;59;332.119;-118.059;75,68
9;60;332.119;-118.027;74,17
9;61;332.119;-117.994;73,84
9;62;332.119;-117.962;73,36
9;63;332.119;-117.929;73,01
9;64;332.119;-117.897;74,16
9;65;332.119;-117.864;79,12
9;66;332.119;-117.832;81,65
9;67;332.119;-117.799;78,21
9;68;332.119;-117.767;71,11
9;69;332.119;-117.735;67,94
9;70;332.119;-117.702;67,49
9;71;332.119;-117,67;65,68
9;72;332.119;-117.637;62,87
9;73;332.119;-117.605;60,74
9;74;332.119;-117.572;59,31
9;75;332.119;-117,54;57,81
9;76;332.119;-117.507;56,13
9;77;332.119;-117.475;53,83
9;78;332.119;-117.442;54,08
9;79;332.119;-117,41;42,91
9;80;332.119;-117.378;33,13
9;81;332.119;-117.345;28,19
9;82;332.119;-117.313;26,64
9;83;332.119;-117,28;26,43
9;84;332.119;-117.248;26,65
9;85;332.119;-117.215;27,11
9;86;332.119;-117.183;26,45
9;87;332.119;-117,15;23,28
9;88;332.119;-117.118;20,70
9;89;332.119;-117.085;21,48
9;90;332.119;-117.053;21,99
9;91;332.119;-117,02;22,95
9;92;332.119;-116.988;23,69
9;93;332.119;-116.956;24,49
9;94;332.119;-116.923;25,49
9;95;332.119;-116.891;26,34
9;96;332.119;-116.858;27,30
9;97;332.119;-116.826;28,29
9;98;332.119;-116.793;29,10
9;99;332.119;-116.761;29,64
10;1;332.391;-119.942;80,83
10;2;332.391;-119.909;78,76
10;3;332.391;-119.877;76,24
10;4;332.391;-119.844;73,36
10;5;332.391;-119.812;70,21
10;6;332.391;-119,78;64,08
10;7;332.391;-119.747;61,97
10;8;332.391;-119.715;62,29
10;9;332.391;-119.682;62,47
10;10;332.391;-119,65;62,59
10;11;332.391;-119.617;63,09
10;12;332.391;-119.585;58,74
10;13;332.391;-119.552;46,47
10;14;332.391;-119,52;46,82
10;15;332.391;-119.487;48,69
10;16;332.391;-119.455;62,82
10;17;332.391;-119.422;61,51
10;18;332.391;-119,39;61,95
10;19;332.391;-119.358;62,05
10;20;332.391;-119.325;61,92
10;21;332.391;-119.293;62,05
10;22;332.391;-119,26;63,11
10;23;332.391;-119.228;64,60
10;24;332.391;-119.195;65,59
10;25;332.391;-119.163;66,07
10;26;332.391;-119,13;65,08
10;27;332.391;-119.098;65,92
10;28;332.391;-119.065;65,90
10;29;332.391;-119.033;68,61
10;30;332.391;-119;72,03
10;31;332.391;-118.968;75,96
10;32;332.391;-118.936;78,44
10;33;332.391;-118.903;78,17
10;34;332.391;-118.871;79,09
10;35;332.391;-118.838;82,36
10;36;332.391;-118.806;84,59
10;37;332.391;-118.773;84,77
10;38;332.391;-118.741;81,37
10;39;332.391;-118.708;78,98
10;40;332.391;-118.676;79,90
10;41;332.391;-118.643;80,88
10;42;332.391;-118.611;81,12
10;43;332.391;-118.579;81,49
10;44;332.391;-118.546;83,38
10;45;332.391;-118.514;82,61
10;46;332.391;-118.481;80,92
10;47;332.391;-118.449;82,03
10;48;332.391;-118.416;78,66
10;49;332.391;-118.384;74,27
10;50;332.391;-118.351;69,30
10;51;332.391;-118.319;65,27
10;52;332.391;-118.286;62,59
10;53;332.391;-118.254;62,95
10;54;332.391;-118.221;65,09
10;55;332.391;-118.189;67,68
10;56;332.391;-118.157;69,26
10;57;332.391;-118.124;72,91
10;58;332.391;-118.092;76,36
10;59;332.391;-118.059;76,65
10;60;332.391;-118.027;75,40
10;61;332.391;-117.994;74,29
10;62;332.391;-117.962;73,99
10;63;332.391;-117.929;74,15
10;64;332.391;-117.897;71,75
10;65;332.391;-117.864;72,30
10;66;332.391;-117.832;75,54
10;67;332.391;-117.799;78,57
10;68;332.391;-117.767;78,63
10;69;332.391;-117.735;73,52
10;70;332.391;-117.702;68,18
10;71;332.391;-117,67;66,56
10;72;332.391;-117.637;65,41
10;73;332.391;-117.605;63,08
10;74;332.391;-117.572;60,34
10;75;332.391;-117,54;58,30
10;76;332.391;-117.507;56,75
10;77;332.391;-117.475;54,26
10;78;332.391;-117.442;55,81
10;79;332.391;-117,41;43,25
10;80;332.391;-117.378;32,47
10;81;332.391;-117.345;27,89
10;82;332.391;-117.313;26,45
10;83;332.391;-117,28;26,07
10;84;332.391;-117.248;25,80
10;85;332.391;-117.215;25,33
10;86;332.391;-117.183;22,69
10;87;332.391;-117,15;20,00
10;88;332.391;-117.118;20,46
10;89;332.391;-117.085;21,51
10;90;332.391;-117.053;22,61
10;91;332.391;-117,02;22,92
10;92;332.391;-116.988;23,94
10;93;332.391;-116.956;25,31
10;94;332.391;-116.923;27,10
10;95;332.391;-116.891;28,19
10;96;332.391;-116.858;29,02
10;97;332.391;-116.826;29,43
10;98;332.391;-116.793;29,84
10;99;332.391;-116.761;29,96
11;1;332.662;-119.942;81,94
11;2;332.662;-119.909;79,85
11;3;332.662;-119.877;77,48
11;4;332.662;-119.844;74,94
11;5;332.662;-119.812;71,85
11;6;332.662;-119,78;65,32
11;7;332.662;-119.747;62,21
11;8;332.662;-119.715;62,41
11;9;332.662;-119.682;62,86
11;10;332.662;-119,65;62,88
11;11;332.662;-119.617;63,27
11;12;332.662;-119.585;61,08
11;13;332.662;-119.552;50,79
11;14;332.662;-119,52;51,18
11;15;332.662;-119.487;51,88
11;16;332.662;-119.455;61,51
11;17;332.662;-119.422;60,57
11;18;332.662;-119,39;60,58
11;19;332.662;-119.358;60,73
11;20;332.662;-119.325;60,36
11;21;332.662;-119.293;60,20
11;22;332.662;-119,26;60,99
11;23;332.662;-119.228;62,52
11;24;332.662;-119.195;64,35
11;25;332.662;-119.163;65,32
11;26;332.662;-119,13;65,78
11;27;332.662;-119.098;64,49
11;28;332.662;-119.065;65,93
11;29;332.662;-119.033;66,34
11;30;332.662;-119;68,87
11;31;332.662;-118.968;72,58
11;32;332.662;-118.936;75,71
11;33;332.662;-118.903;76,81
11;34;332.662;-118.871;77,20
11;35;332.662;-118.838;80,41
11;36;332.662;-118.806;83,85
11;37;332.662;-118.773;85,13
11;38;332.662;-118.741;82,95
11;39;332.662;-118.708;77,08
11;40;332.662;-118.676;73,79
11;41;332.662;-118.643;75,34
11;42;332.662;-118.611;77,11
11;43;332.662;-118.579;79,71
11;44;332.662;-118.546;80,95
11;45;332.662;-118.514;80,07
11;46;332.662;-118.481;68,94
11;47;332.662;-118.449;64,55
11;48;332.662;-118.416;68,00
11;49;332.662;-118.384;65,86
11;50;332.662;-118.351;63,20
11;51;332.662;-118.319;59,57
11;52;332.662;-118.286;58,60
11;53;332.662;-118.254;60,55
11;54;332.662;-118.221;63,54
11;55;332.662;-118.189;67,87
11;56;332.662;-118.157;69,43
11;57;332.662;-118.124;72,18
11;58;332.662;-118.092;75,48
11;59;332.662;-118.059;76,33
11;60;332.662;-118.027;75,39
11;61;332.662;-117.994;74,45
11;62;332.662;-117.962;73,63
11;63;332.662;-117.929;72,57
11;64;332.662;-117.897;70,94
11;65;332.662;-117.864;69,79
11;66;332.662;-117.832;71,09
11;67;332.662;-117.799;73,13
11;68;332.662;-117.767;76,20
11;69;332.662;-117.735;78,15
11;70;332.662;-117.702;73,89
11;71;332.662;-117,67;67,00
11;72;332.662;-117.637;64,87
11;73;332.662;-117.605;64,87
11;74;332.662;-117.572;63,61
11;75;332.662;-117,54;60,78
11;76;332.662;-117.507;58,59
11;77;332.662;-117.475;54,98
11;78;332.662;-117.442;57,67
11;79;332.662;-117,41;44,08
11;80;332.662;-117.378;33,17
11;81;332.662;-117.345;27,92
11;82;332.662;-117.313;25,50
11;83;332.662;-117,28;24,33
11;84;332.662;-117.248;23,82
11;85;332.662;-117.215;22,54
11;86;332.662;-117.183;20,18
11;87;332.662;-117,15;19,99
11;88;332.662;-117.118;20,28
11;89;332.662;-117.085;20,91
11;90;332.662;-117.053;22,65
11;91;332.662;-117,02;23,42
11;92;332.662;-116.988;24,67
11;93;332.662;-116.956;26,39
11;94;332.662;-116.923;28,54
11;95;332.662;-116.891;29,85
11;96;332.662;-116.858;30,80
11;97;332.662;-116.826;30,97
11;98;332.662;-116.793;31,05
11;99;332.662;-116.761;30,81
12;1;332.933;-119.942;83,10
12;2;332.933;-119.909;81,15
12;3;332.933;-119.877;79,34
12;4;332.933;-119.844;76,48
12;5;332.933;-119.812;74,36
12;6;332.933;-119,78;67,33
12;7;332.933;-119.747;62,73
12;8;332.933;-119.715;62,24
12;9;332.933;-119.682;63,09
12;10;332.933;-119,65;62,97
12;11;332.933;-119.617;63,25
12;12;332.933;-119.585;62,69
12;13;332.933;-119.552;56,64
12;14;332.933;-119,52;56,47
12;15;332.933;-119.487;56,10
12;16;332.933;-119.455;60,87
12;17;332.933;-119.422;60,04
12;18;332.933;-119,39;59,85
12;19;332.933;-119.358;59,91
12;20;332.933;-119.325;59,43
12;21;332.933;-119.293;59,05
12;22;332.933;-119,26;59,10
12;23;332.933;-119.228;60,09
12;24;332.933;-119.195;62,26
12;25;332.933;-119.163;64,56
12;26;332.933;-119,13;65,51
12;27;332.933;-119.098;64,60
12;28;332.933;-119.065;64,94
12;29;332.933;-119.033;64,88
12;30;332.933;-119;66,64
12;31;332.933;-118.968;68,72
12;32;332.933;-118.936;71,90
12;33;332.933;-118.903;74,03
12;34;332.933;-118.871;75,05
12;35;332.933;-118.838;78,05
12;36;332.933;-118.806;82,20
12;37;332.933;-118.773;84,62
12;38;332.933;-118.741;85,18
12;39;332.933;-118.708;78,14
12;40;332.933;-118.676;71,29
12;41;332.933;-118.643;69,64
12;42;332.933;-118.611;72,38
12;43;332.933;-118.579;76,03
12;44;332.933;-118.546;75,20
12;45;332.933;-118.514;71,61
12;46;332.933;-118.481;40,96
12;47;332.933;-118.449;39,38
12;48;332.933;-118.416;40,87
12;49;332.933;-118.384;40,81
12;50;332.933;-118.351;41,65
12;51;332.933;-118.319;43,29
12;52;332.933;-118.286;51,07
12;53;332.933;-118.254;58,67
12;54;332.933;-118.221;62,61
12;55;332.933;-118.189;67,09
12;56;332.933;-118.157;70,44
12;57;332.933;-118.124;72,39
12;58;332.933;-118.092;74,87
12;59;332.933;-118.059;74,93
12;60;332.933;-118.027;74,41
12;61;332.933;-117.994;73,48
12;62;332.933;-117.962;72,50
12;63;332.933;-117.929;70,76
12;64;332.933;-117.897;68,74
12;65;332.933;-117.864;67,53
12;66;332.933;-117.832;67,93
12;67;332.933;-117.799;69,43
12;68;332.933;-117.767;70,43
12;69;332.933;-117.735;72,72
12;70;332.933;-117.702;75,74
12;71;332.933;-117,67;73,80
12;72;332.933;-117.637;67,26
12;73;332.933;-117.605;63,92
12;74;332.933;-117.572;64,17
12;75;332.933;-117,54;63,26
12;76;332.933;-117.507;62,33
12;77;332.933;-117.475;55,26
12;78;332.933;-117.442;58,53
12;79;332.933;-117,41;44,76
12;80;332.933;-117.378;35,56
12;81;332.933;-117.345;27,14
12;82;332.933;-117.313;23,03
12;83;332.933;-117,28;22,50
12;84;332.933;-117.248;22,72
12;85;332.933;-117.215;22,35
12;86;332.933;-117.183;21,13
12;87;332.933;-117,15;20,47
12;88;332.933;-117.118;20,72
12;89;332.933;-117.085;21,55
12;90;332.933;-117.053;22,66
12;91;332.933;-117,02;23,95
12;92;332.933;-116.988;25,39
12;93;332.933;-116.956;27,55
12;94;332.933;-116.923;30,19
12;95;332.933;-116.891;31,72
12;96;332.933;-116.858;32,64
12;97;332.933;-116.826;32,56
12;98;332.933;-116.793;32,36
12;99;332.933;-116.761;31,90
13;1;333.205;-119.942;84,56
13;2;333.205;-119.909;82,78
13;3;333.205;-119.877;81,29
13;4;333.205;-119.844;78,39
13;5;333.205;-119.812;76,91
13;6;333.205;-119,78;70,35
13;7;333.205;-119.747;63,95
13;8;333.205;-119.715;61,80
13;9;333.205;-119.682;62,86
13;10;333.205;-119,65;62,95
13;11;333.205;-119.617;62,98
13;12;333.205;-119.585;63,26
13;13;333.205;-119.552;65,01
13;14;333.205;-119,52;63,98
13;15;333.205;-119.487;63,19
13;16;333.205;-119.455;60,68
13;17;333.205;-119.422;60,15
13;18;333.205;-119,39;59,83
13;19;333.205;-119.358;59,89
13;20;333.205;-119.325;59,59
13;21;333.205;-119.293;58,83
13;22;333.205;-119,26;57,95
13;23;333.205;-119.228;58,01
13;24;333.205;-119.195;59,65
13;25;333.205;-119.163;62,20
13;26;333.205;-119,13;64,87
13;27;333.205;-119.098;65,81
13;28;333.205;-119.065;64,87
13;29;333.205;-119.033;64,98
13;30;333.205;-119;64,61
13;31;333.205;-118.968;65,99
13;32;333.205;-118.936;68,30
13;33;333.205;-118.903;70,69
13;34;333.205;-118.871;72,70
13;35;333.205;-118.838;75,18
13;36;333.205;-118.806;79,50
13;37;333.205;-118.773;83,16
13;38;333.205;-118.741;85,94
13;39;333.205;-118.708;81,54
13;40;333.205;-118.676;72,80
13;41;333.205;-118.643;70,90
13;42;333.205;-118.611;70,75
13;43;333.205;-118.579;72,03
13;44;333.205;-118.546;70,14
13;45;333.205;-118.514;59,70
13;46;333.205;-118.481;34,95
13;47;333.205;-118.449;36,84
13;48;333.205;-118.416;35,29
13;49;333.205;-118.384;36,13
13;50;333.205;-118.351;35,74
13;51;333.205;-118.319;35,84
13;52;333.205;-118.286;44,40
13;53;333.205;-118.254;52,89
13;54;333.205;-118.221;58,38
13;55;333.205;-118.189;59,66
13;56;333.205;-118.157;64,82
13;57;333.205;-118.124;67,88
13;58;333.205;-118.092;72,83
13;59;333.205;-118.059;73,45
13;60;333.205;-118.027;72,04
13;61;333.205;-117.994;71,92
13;62;333.205;-117.962;71,16
13;63;333.205;-117.929;69,70
13;64;333.205;-117.897;67,13
13;65;333.205;-117.864;65,48
13;66;333.205;-117.832;65,49
13;67;333.205;-117.799;66,08
13;68;333.205;-117.767;67,09
13;69;333.205;-117.735;68,33
13;70;333.205;-117.702;70,05
13;71;333.205;-117,67;72,88
13;72;333.205;-117.637;72,78
13;73;333.205;-117.605;68,81
13;74;333.205;-117.572;63,29
13;75;333.205;-117,54;63,66
13;76;333.205;-117.507;56,38
13;77;333.205;-117.475;51,49
13;78;333.205;-117.442;47,79
13;79;333.205;-117,41;43,74
13;80;333.205;-117.378;32,72
13;81;333.205;-117.345;23,50
13;82;333.205;-117.313;22,15
13;83;333.205;-117,28;22,33
13;84;333.205;-117.248;22,79
13;85;333.205;-117.215;22,81
13;86;333.205;-117.183;21,93
13;87;333.205;-117,15;20,86
13;88;333.205;-117.118;20,88
13;89;333.205;-117.085;21,71
13;90;333.205;-117.053;23,04
13;91;333.205;-117,02;24,45
13;92;333.205;-116.988;26,38
13;93;333.205;-116.956;28,77
13;94;333.205;-116.923;31,94
13;95;333.205;-116.891;33,67
13;96;333.205;-116.858;34,58
13;97;333.205;-116.826;34,43
13;98;333.205;-116.793;34,10
13;99;333.205;-116.761;33,57
14;1;333.476;-119.942;85,01
14;2;333.476;-119.909;83,62
14;3;333.476;-119.877;81,98
14;4;333.476;-119.844;80,16
14;5;333.476;-119.812;77,05
14;6;333.476;-119,78;73,79
14;7;333.476;-119.747;66,66
14;8;333.476;-119.715;61,79
14;9;333.476;-119.682;62,19
14;10;333.476;-119,65;62,71
14;11;333.476;-119.617;62,95
14;12;333.476;-119.585;62,54
14;13;333.476;-119.552;61,13
14;14;333.476;-119,52;60,58
14;15;333.476;-119.487;60,19
14;16;333.476;-119.455;60,99
14;17;333.476;-119.422;60,52
14;18;333.476;-119,39;60,26
14;19;333.476;-119.358;60,09
14;20;333.476;-119.325;59,92
14;21;333.476;-119.293;58,92
14;22;333.476;-119,26;57,63
14;23;333.476;-119.228;56,80
14;24;333.476;-119.195;57,59
14;25;333.476;-119.163;59,67
14;26;333.476;-119,13;62,85
14;27;333.476;-119.098;65,77
14;28;333.476;-119.065;65,51
14;29;333.476;-119.033;64,85
14;30;333.476;-119;64,51
14;31;333.476;-118.968;64,09
14;32;333.476;-118.936;65,44
14;33;333.476;-118.903;68,19
14;34;333.476;-118.871;70,46
14;35;333.476;-118.838;72,09
14;36;333.476;-118.806;75,66
14;37;333.476;-118.773;80,32
14;38;333.476;-118.741;84,08
14;39;333.476;-118.708;85,83
14;40;333.476;-118.676;74,68
14;41;333.476;-118.643;70,79
14;42;333.476;-118.611;72,14
14;43;333.476;-118.579;69,58
14;44;333.476;-118.546;66,83
14;45;333.476;-118.514;55,34
14;46;333.476;-118.481;37,53
14;47;333.476;-118.449;38,25
14;48;333.476;-118.416;38,18
14;49;333.476;-118.384;38,66
14;50;333.476;-118.351;38,55
14;51;333.476;-118.319;38,10
14;52;333.476;-118.286;44,75
14;53;333.476;-118.254;51,91
14;54;333.476;-118.221;58,47
14;55;333.476;-118.189;58,62
14;56;333.476;-118.157;60,72
14;57;333.476;-118.124;65,11
14;58;333.476;-118.092;67,16
14;59;333.476;-118.059;69,90
14;60;333.476;-118.027;69,27
14;61;333.476;-117.994;70,27
14;62;333.476;-117.962;70,55
14;63;333.476;-117.929;68,93
14;64;333.476;-117.897;66,56
14;65;333.476;-117.864;63,95
14;66;333.476;-117.832;63,38
14;67;333.476;-117.799;63,92
14;68;333.476;-117.767;63,55
14;69;333.476;-117.735;64,73
14;70;333.476;-117.702;67,58
14;71;333.476;-117,67;68,59
14;72;333.476;-117.637;69,60
14;73;333.476;-117.605;71,15
14;74;333.476;-117.572;69,77
14;75;333.476;-117,54;67,96
14;76;333.476;-117.507;57,37
14;77;333.476;-117.475;51,75
14;78;333.476;-117.442;49,18
14;79;333.476;-117,41;37,09
14;80;333.476;-117.378;24,69
14;81;333.476;-117.345;22,92
14;82;333.476;-117.313;22,83
14;83;333.476;-117,28;22,75
14;84;333.476;-117.248;22,80
14;85;333.476;-117.215;22,72
14;86;333.476;-117.183;22,39
14;87;333.476;-117,15;21,67
14;88;333.476;-117.118;21,16
14;89;333.476;-117.085;22,04
14;90;333.476;-117.053;23,50
14;91;333.476;-117,02;25,02
14;92;333.476;-116.988;27,01
14;93;333.476;-116.956;29,36
14;94;333.476;-116.923;32,46
14;95;333.476;-116.891;34,29
14;96;333.476;-116.858;35,15
14;97;333.476;-116.826;34,98
14;98;333.476;-116.793;34,83
14;99;333.476;-116.761;34,59
15;1;333.747;-119.942;84,58
15;2;333.747;-119.909;83,77
15;3;333.747;-119.877;81,63
15;4;333.747;-119.844;82,13
15;5;333.747;-119.812;75,96
15;6;333.747;-119,78;77,82
15;7;333.747;-119.747;70,09
15;8;333.747;-119.715;63,59
15;9;333.747;-119.682;61,58
15;10;333.747;-119,65;62,28
15;11;333.747;-119.617;62,67
15;12;333.747;-119.585;63,11
15;13;333.747;-119.552;63,46
15;14;333.747;-119,52;62,69
15;15;333.747;-119.487;61,73
15;16;333.747;-119.455;60,82
15;17;333.747;-119.422;60,60
15;18;333.747;-119,39;60,42
15;19;333.747;-119.358;60,14
15;20;333.747;-119.325;59,72
15;21;333.747;-119.293;58,85
15;22;333.747;-119,26;57,57
15;23;333.747;-119.228;56,65
15;24;333.747;-119.195;56,48
15;25;333.747;-119.163;57,77
15;26;333.747;-119,13;60,05
15;27;333.747;-119.098;62,97
15;28;333.747;-119.065;65,97
15;29;333.747;-119.033;65,96
15;30;333.747;-119;64,04
15;31;333.747;-118.968;63,98
15;32;333.747;-118.936;63,90
15;33;333.747;-118.903;66,39
15;34;333.747;-118.871;68,08
15;35;333.747;-118.838;69,01
15;36;333.747;-118.806;71,26
15;37;333.747;-118.773;76,11
15;38;333.747;-118.741;80,39
15;39;333.747;-118.708;83,66
15;40;333.747;-118.676;74,80
15;41;333.747;-118.643;73,50
15;42;333.747;-118.611;72,06
15;43;333.747;-118.579;69,82
15;44;333.747;-118.546;64,24
15;45;333.747;-118.514;53,45
15;46;333.747;-118.481;39,41
15;47;333.747;-118.449;39,82
15;48;333.747;-118.416;39,77
15;49;333.747;-118.384;42,72
15;50;333.747;-118.351;42,55
15;51;333.747;-118.319;42,64
15;52;333.747;-118.286;49,62
15;53;333.747;-118.254;57,84
15;54;333.747;-118.221;56,93
15;55;333.747;-118.189;58,99
15;56;333.747;-118.157;60,07
15;57;333.747;-118.124;64,40
15;58;333.747;-118.092;66,34
15;59;333.747;-118.059;62,88
15;60;333.747;-118.027;61,58
15;61;333.747;-117.994;67,49
15;62;333.747;-117.962;68,48
15;63;333.747;-117.929;68,28
15;64;333.747;-117.897;68,95
15;65;333.747;-117.864;66,24
15;66;333.747;-117.832;62,04
15;67;333.747;-117.799;60,25
15;68;333.747;-117.767;60,55
15;69;333.747;-117.735;60,28
15;70;333.747;-117.702;63,67
15;71;333.747;-117,67;66,65
15;72;333.747;-117.637;68,42
15;73;333.747;-117.605;67,05
15;74;333.747;-117.572;64,24
15;75;333.747;-117,54;69,35
15;76;333.747;-117.507;57,63
15;77;333.747;-117.475;53,38
15;78;333.747;-117.442;43,71
15;79;333.747;-117,41;26,72
15;80;333.747;-117.378;24,15
15;81;333.747;-117.345;24,00
15;82;333.747;-117.313;23,71
15;83;333.747;-117,28;23,57
15;84;333.747;-117.248;23,39
15;85;333.747;-117.215;23,18
15;86;333.747;-117.183;22,87
15;87;333.747;-117,15;22,48
15;88;333.747;-117.118;21,72
15;89;333.747;-117.085;22,21
15;90;333.747;-117.053;23,95
15;91;333.747;-117,02;25,63
15;92;333.747;-116.988;27,19
15;93;333.747;-116.956;29,27
15;94;333.747;-116.923;31,88
15;95;333.747;-116.891;33,67
15;96;333.747;-116.858;34,64
15;97;333.747;-116.826;34,81
15;98;333.747;-116.793;35,02
15;99;333.747;-116.761;34,98
16;1;334.018;-119.942;83,24
16;2;334.018;-119.909;82,99
16;3;334.018;-119.877;82,23
16;4;334.018;-119.844;82,25
16;5;334.018;-119.812;76,93
16;6;334.018;-119,78;79,40
16;7;334.018;-119.747;72,95
16;8;334.018;-119.715;66,92
16;9;334.018;-119.682;62,27
16;10;334.018;-119,65;61,78
16;11;334.018;-119.617;62,24
16;12;334.018;-119.585;62,45
16;13;334.018;-119.552;62,04
16;14;334.018;-119,52;61,35
16;15;334.018;-119.487;60,60
16;16;334.018;-119.455;60,42
16;17;334.018;-119.422;60,08
16;18;334.018;-119,39;60,02
16;19;334.018;-119.358;59,86
16;20;334.018;-119.325;59,51
16;21;334.018;-119.293;58,97
16;22;334.018;-119,26;57,87
16;23;334.018;-119.228;56,77
16;24;334.018;-119.195;56,34
16;25;334.018;-119.163;56,82
16;26;334.018;-119,13;58,22
16;27;334.018;-119.098;59,80
16;28;334.018;-119.065;63,48
16;29;334.018;-119.033;67,43
16;30;334.018;-119;65,26
16;31;334.018;-118.968;63,05
16;32;334.018;-118.936;63,52
16;33;334.018;-118.903;64,15
16;34;334.018;-118.871;65,16
16;35;334.018;-118.838;65,87
16;36;334.018;-118.806;67,23
16;37;334.018;-118.773;71,31
16;38;334.018;-118.741;76,08
16;39;334.018;-118.708;77,60
16;40;334.018;-118.676;75,95
16;41;334.018;-118.643;73,68
16;42;334.018;-118.611;73,25
16;43;334.018;-118.579;69,99
16;44;334.018;-118.546;64,57
16;45;334.018;-118.514;55,93
16;46;334.018;-118.481;42,24
16;47;334.018;-118.449;42,36
16;48;334.018;-118.416;42,53
16;49;334.018;-118.384;52,59
16;50;334.018;-118.351;56,69
16;51;334.018;-118.319;58,65
16;52;334.018;-118.286;58,93
16;53;334.018;-118.254;55,74
16;54;334.018;-118.221;57,91
16;55;334.018;-118.189;54,92
16;56;334.018;-118.157;59,83
16;57;334.018;-118.124;58,86
16;58;334.018;-118.092;58,44
16;59;334.018;-118.059;63,80
16;60;334.018;-118.027;66,65
16;61;334.018;-117.994;64,79
16;62;334.018;-117.962;63,73
16;63;334.018;-117.929;66,86
16;64;334.018;-117.897;71,96
16;65;334.018;-117.864;72,06
16;66;334.018;-117.832;66,92
16;67;334.018;-117.799;60,39
16;68;334.018;-117.767;57,04
16;69;334.018;-117.735;57,30
16;70;334.018;-117.702;59,29
16;71;334.018;-117,67;62,55
16;72;334.018;-117.637;72,00
16;73;334.018;-117.605;52,38
16;74;334.018;-117.572;50,14
16;75;334.018;-117,54;50,74
16;76;334.018;-117.507;48,17
16;77;334.018;-117.475;41,67
16;78;334.018;-117.442;27,86
16;79;334.018;-117,41;25,21
16;80;334.018;-117.378;25,34
16;81;334.018;-117.345;25,10
16;82;334.018;-117.313;24,80
16;83;334.018;-117,28;24,52
16;84;334.018;-117.248;24,24
16;85;334.018;-117.215;23,94
16;86;334.018;-117.183;23,58
16;87;334.018;-117,15;23,29
16;88;334.018;-117.118;22,65
16;89;334.018;-117.085;22,77
16;90;334.018;-117.053;24,44
16;91;334.018;-117,02;26,38
16;92;334.018;-116.988;27,46
16;93;334.018;-116.956;29,15
16;94;334.018;-116.923;30,29
16;95;334.018;-116.891;31,76
16;96;334.018;-116.858;32,81
16;97;334.018;-116.826;33,46
16;98;334.018;-116.793;34,36
16;99;334.018;-116.761;35,37
17;1;334.289;-119.942;82,33
17;2;334.289;-119.909;82,05
17;3;334.289;-119.877;81,65
17;4;334.289;-119.844;80,96
17;5;334.289;-119.812;80,22
17;6;334.289;-119,78;79,06
17;7;334.289;-119.747;75,61
17;8;334.289;-119.715;69,50
17;9;334.289;-119.682;65,16
17;10;334.289;-119,65;62,05
17;11;334.289;-119.617;61,65
17;12;334.289;-119.585;62,29
17;13;334.289;-119.552;62,73
17;14;334.289;-119,52;62,09
17;15;334.289;-119.487;60,68
17;16;334.289;-119.455;59,87
17;17;334.289;-119.422;59,53
17;18;334.289;-119,39;59,29
17;19;334.289;-119.358;59,22
17;20;334.289;-119.325;59,12
17;21;334.289;-119.293;58,78
17;22;334.289;-119,26;58,04
17;23;334.289;-119.228;57,06
17;24;334.289;-119.195;56,44
17;25;334.289;-119.163;56,54
17;26;334.289;-119,13;57,31
17;27;334.289;-119.098;57,68
17;28;334.289;-119.065;59,46
17;29;334.289;-119.033;64,67
17;30;334.289;-119;67,80
17;31;334.289;-118.968;64,38
17;32;334.289;-118.936;62,26
17;33;334.289;-118.903;61,57
17;34;334.289;-118.871;62,15
17;35;334.289;-118.838;62,99
17;36;334.289;-118.806;64,31
17;37;334.289;-118.773;67,15
17;38;334.289;-118.741;73,98
17;39;334.289;-118.708;72,36
17;40;334.289;-118.676;77,25
17;41;334.289;-118.643;72,57
17;42;334.289;-118.611;72,26
17;43;334.289;-118.579;68,99
17;44;334.289;-118.546;65,45
17;45;334.289;-118.514;59,21
17;46;334.289;-118.481;44,87
17;47;334.289;-118.449;45,26
17;48;334.289;-118.416;45,05
17;49;334.289;-118.384;53,20
17;50;334.289;-118.351;57,85
17;51;334.289;-118.319;57,89
17;52;334.289;-118.286;56,99
17;53;334.289;-118.254;59,11
17;54;334.289;-118.221;54,75
17;55;334.289;-118.189;58,49
17;56;334.289;-118.157;55,51
17;57;334.289;-118.124;59,91
17;58;334.289;-118.092;58,00
17;59;334.289;-118.059;56,41
17;60;334.289;-118.027;57,25
17;61;334.289;-117.994;60,15
17;62;334.289;-117.962;66,90
17;63;334.289;-117.929;64,97
17;64;334.289;-117.897;66,15
17;65;334.289;-117.864;73,53
17;66;334.289;-117.832;72,49
17;67;334.289;-117.799;65,64
17;68;334.289;-117.767;59,01
17;69;334.289;-117.735;57,36
17;70;334.289;-117.702;57,12
17;71;334.289;-117,67;60,50
17;72;334.289;-117.637;69,58
17;73;334.289;-117.605;49,43
17;74;334.289;-117.572;45,76
17;75;334.289;-117,54;43,87
17;76;334.289;-117.507;41,05
17;77;334.289;-117.475;28,57
17;78;334.289;-117.442;26,14
17;79;334.289;-117,41;26,77
17;80;334.289;-117.378;26,51
17;81;334.289;-117.345;26,33
17;82;334.289;-117.313;25,86
17;83;334.289;-117,28;25,53
17;84;334.289;-117.248;25,15
17;85;334.289;-117.215;24,79
17;86;334.289;-117.183;24,39
17;87;334.289;-117,15;24,07
17;88;334.289;-117.118;23,40
17;89;334.289;-117.085;22,99
17;90;334.289;-117.053;24,33
17;91;334.289;-117,02;26,08
17;92;334.289;-116.988;27,16
17;93;334.289;-116.956;28,36
17;94;334.289;-116.923;29,19
17;95;334.289;-116.891;30,34
17;96;334.289;-116.858;31,48
17;97;334.289;-116.826;32,52
17;98;334.289;-116.793;33,87
17;99;334.289;-116.761;35,41
18;1;33.456;-119.942;81,45
18;2;33.456;-119.909;80,77
18;3;33.456;-119.877;80,28
18;4;33.456;-119.844;79,60
18;5;33.456;-119.812;83,07
18;6;33.456;-119,78;78,46
18;7;33.456;-119.747;78,64
18;8;33.456;-119.715;73,07
18;9;33.456;-119.682;69,06
18;10;33.456;-119,65;64,14
18;11;33.456;-119.617;61,60
18;12;33.456;-119.585;61,19
18;13;33.456;-119.552;61,95
18;14;33.456;-119,52;62,27
18;15;33.456;-119.487;60,87
18;16;33.456;-119.455;59,60
18;17;33.456;-119.422;58,97
18;18;33.456;-119,39;58,68
18;19;33.456;-119.358;58,73
18;20;33.456;-119.325;58,84
18;21;33.456;-119.293;58,85
18;22;33.456;-119,26;58,09
18;23;33.456;-119.228;57,11
18;24;33.456;-119.195;56,56
18;25;33.456;-119.163;56,63
18;26;33.456;-119,13;57,11
18;27;33.456;-119.098;57,06
18;28;33.456;-119.065;57,59
18;29;33.456;-119.033;59,94
18;30;33.456;-119;65,68
18;31;33.456;-118.968;67,77
18;32;33.456;-118.936;63,63
18;33;33.456;-118.903;60,94
18;34;33.456;-118.871;60,34
18;35;33.456;-118.838;60,93
18;36;33.456;-118.806;62,35
18;37;33.456;-118.773;64,75
18;38;33.456;-118.741;70,95
18;39;33.456;-118.708;71,69
18;40;33.456;-118.676;75,89
18;41;33.456;-118.643;72,16
18;42;33.456;-118.611;74,20
18;43;33.456;-118.579;68,00
18;44;33.456;-118.546;67,83
18;45;33.456;-118.514;61,89
18;46;33.456;-118.481;49,91
18;47;33.456;-118.449;50,52
18;48;33.456;-118.416;50,59
18;49;33.456;-118.384;59,29
18;50;33.456;-118.351;64,40
18;51;33.456;-118.319;61,08
18;52;33.456;-118.286;62,24
18;53;33.456;-118.254;58,81
18;54;33.456;-118.221;61,46
18;55;33.456;-118.189;56,61
18;56;33.456;-118.157;59,65
18;57;33.456;-118.124;56,93
18;58;33.456;-118.092;56,54
18;59;33.456;-118.059;56,47
18;60;33.456;-118.027;55,81
18;61;33.456;-117.994;58,51
18;62;33.456;-117.962;57,71
18;63;33.456;-117.929;61,28
18;64;33.456;-117.897;63,62
18;65;33.456;-117.864;62,68
18;66;33.456;-117.832;66,59
18;67;33.456;-117.799;70,55
18;68;33.456;-117.767;64,64
18;69;33.456;-117.735;59,12
18;70;33.456;-117.702;57,49
18;71;33.456;-117,67;56,79
18;72;33.456;-117.637;60,40
18;73;33.456;-117.605;43,06
18;74;33.456;-117.572;40,57
18;75;33.456;-117,54;42,36
18;76;33.456;-117.507;30,22
18;77;33.456;-117.475;26,81
18;78;33.456;-117.442;27,90
18;79;33.456;-117,41;28,00
18;80;33.456;-117.378;28,01
18;81;33.456;-117.345;27,50
18;82;33.456;-117.313;26,77
18;83;33.456;-117,28;26,34
18;84;33.456;-117.248;25,94
18;85;33.456;-117.215;25,52
18;86;33.456;-117.183;25,17
18;87;33.456;-117,15;24,90
18;88;33.456;-117.118;24,32
18;89;33.456;-117.085;23,26
18;90;33.456;-117.053;24,06
18;91;33.456;-117,02;25,50
18;92;33.456;-116.988;26,34
18;93;33.456;-116.956;27,29
18;94;33.456;-116.923;27,93
18;95;33.456;-116.891;28,96
18;96;33.456;-116.858;30,20
18;97;33.456;-116.826;31,70
18;98;33.456;-116.793;33,38
18;99;33.456;-116.761;35,22
19;1;334.831;-119.942;80,84
19;2;334.831;-119.909;79,38
19;3;334.831;-119.877;78,59
19;4;334.831;-119.844;79,30
19;5;334.831;-119.812;78,95
19;6;334.831;-119,78;80,99
19;7;334.831;-119.747;78,51
19;8;334.831;-119.715;76,38
19;9;334.831;-119.682;72,75
19;10;334.831;-119,65;67,67
19;11;334.831;-119.617;62,73
19;12;334.831;-119.585;60,62
19;13;334.831;-119.552;61,15
19;14;334.831;-119,52;62,49
19;15;334.831;-119.487;61,71
19;16;334.831;-119.455;59,60
19;17;334.831;-119.422;58,44
19;18;334.831;-119,39;58,17
19;19;334.831;-119.358;58,51
19;20;334.831;-119.325;58,88
19;21;334.831;-119.293;58,88
19;22;334.831;-119,26;58,10
19;23;334.831;-119.228;57,04
19;24;334.831;-119.195;56,56
19;25;334.831;-119.163;56,73
19;26;334.831;-119,13;56,74
19;27;334.831;-119.098;56,97
19;28;334.831;-119.065;57,36
19;29;334.831;-119.033;57,80
19;30;334.831;-119;60,79
19;31;334.831;-118.968;66,66
19;32;334.831;-118.936;66,64
19;33;334.831;-118.903;62,44
19;34;334.831;-118.871;60,27
19;35;334.831;-118.838;60,02
19;36;334.831;-118.806;61,01
19;37;334.831;-118.773;63,80
19;38;334.831;-118.741;67,15
19;39;334.831;-118.708;76,96
19;40;334.831;-118.676;68,69
19;41;334.831;-118.643;76,25
19;42;334.831;-118.611;70,87
19;43;334.831;-118.579;72,18
19;44;334.831;-118.546;69,34
19;45;334.831;-118.514;63,83
19;46;334.831;-118.481;64,75
19;47;334.831;-118.449;65,51
19;48;334.831;-118.416;65,55
19;49;334.831;-118.384;63,31
19;50;334.831;-118.351;60,56
19;51;334.831;-118.319;59,48
19;52;334.831;-118.286;58,11
19;53;334.831;-118.254;60,77
19;54;334.831;-118.221;57,08
19;55;334.831;-118.189;59,92
19;56;334.831;-118.157;56,54
19;57;334.831;-118.124;58,19
19;58;334.831;-118.092;56,36
19;59;334.831;-118.059;55,59
19;60;334.831;-118.027;55,66
19;61;334.831;-117.994;58,66
19;62;334.831;-117.962;58,21
19;63;334.831;-117.929;61,49
19;64;334.831;-117.897;50,60
19;65;334.831;-117.864;42,50
19;66;334.831;-117.832;44,62
19;67;334.831;-117.799;56,41
19;68;334.831;-117.767;65,89
19;69;334.831;-117.735;67,02
19;70;334.831;-117.702;41,59
19;71;334.831;-117,67;36,47
19;72;334.831;-117.637;34,59
19;73;334.831;-117.605;33,50
19;74;334.831;-117.572;33,14
19;75;334.831;-117,54;29,92
19;76;334.831;-117.507;26,65
19;77;334.831;-117.475;28,54
19;78;334.831;-117.442;29,17
19;79;334.831;-117,41;29,79
19;80;334.831;-117.378;29,55
19;81;334.831;-117.345;28,96
19;82;334.831;-117.313;27,85
19;83;334.831;-117,28;27,12
19;84;334.831;-117.248;26,59
19;85;334.831;-117.215;26,09
19;86;334.831;-117.183;25,82
19;87;334.831;-117,15;25,52
19;88;334.831;-117.118;24,99
19;89;334.831;-117.085;23,75
19;90;334.831;-117.053;23,63
19;91;334.831;-117,02;24,39
19;92;334.831;-116.988;25,07
19;93;334.831;-116.956;25,86
19;94;334.831;-116.923;26,63
19;95;334.831;-116.891;27,75
19;96;334.831;-116.858;29,20
19;97;334.831;-116.826;31,07
19;98;334.831;-116.793;33,12
19;99;334.831;-116.761;35,18
20;1;335.101;-119.942;80,22
20;2;335.101;-119.909;78,58
20;3;335.101;-119.877;77,56
20;4;335.101;-119.844;78,71
20;5;335.101;-119.812;75,47
20;6;335.101;-119,78;81,20
20;7;335.101;-119.747;78,30
20;8;335.101;-119.715;79,39
20;9;335.101;-119.682;76,67
20;10;335.101;-119,65;71,65
20;11;335.101;-119.617;63,92
20;12;335.101;-119.585;60,35
20;13;335.101;-119.552;59,90
20;14;335.101;-119,52;61,52
20;15;335.101;-119.487;62,29
20;16;335.101;-119.455;60,17
20;17;335.101;-119.422;58,12
20;18;335.101;-119,39;57,71
20;19;335.101;-119.358;58,28
20;20;335.101;-119.325;58,83
20;21;335.101;-119.293;58,67
20;22;335.101;-119,26;57,66
20;23;335.101;-119.228;56,66
20;24;335.101;-119.195;56,60
20;25;335.101;-119.163;56,79
20;26;335.101;-119,13;56,44
20;27;335.101;-119.098;56,15
20;28;335.101;-119.065;56,71
20;29;335.101;-119.033;57,28
20;30;335.101;-119;57,59
20;31;335.101;-118.968;61,29
20;32;335.101;-118.936;66,46
20;33;335.101;-118.903;65,04
20;34;335.101;-118.871;61,41
20;35;335.101;-118.838;60,27
20;36;335.101;-118.806;60,44
20;37;335.101;-118.773;62,84
20;38;335.101;-118.741;65,86
20;39;335.101;-118.708;74,23
20;40;335.101;-118.676;69,70
20;41;335.101;-118.643;75,78
20;42;335.101;-118.611;70,19
20;43;335.101;-118.579;74,15
20;44;335.101;-118.546;67,52
20;45;335.101;-118.514;64,78
20;46;335.101;-118.481;55,24
20;47;335.101;-118.449;56,57
20;48;335.101;-118.416;54,61
20;49;335.101;-118.384;53,88
20;50;335.101;-118.351;55,42
20;51;335.101;-118.319;55,13
20;52;335.101;-118.286;57,52
20;53;335.101;-118.254;54,09
20;54;335.101;-118.221;56,99
20;55;335.101;-118.189;55,32
20;56;335.101;-118.157;57,31
20;57;335.101;-118.124;56,11
20;58;335.101;-118.092;55,05
20;59;335.101;-118.059;56,49
20;60;335.101;-118.027;56,44
20;61;335.101;-117.994;58,89
20;62;335.101;-117.962;57,00
20;63;335.101;-117.929;52,66
20;64;335.101;-117.897;31,72
20;65;335.101;-117.864;30,10
20;66;335.101;-117.832;33,48
20;67;335.101;-117.799;36,59
20;68;335.101;-117.767;50,31
20;69;335.101;-117.735;56,70
20;70;335.101;-117.702;37,72
20;71;335.101;-117,67;31,96
20;72;335.101;-117.637;28,98
20;73;335.101;-117.605;28,86
20;74;335.101;-117.572;28,67
20;75;335.101;-117,54;28,78
20;76;335.101;-117.507;29,23
20;77;335.101;-117.475;29,75
20;78;335.101;-117.442;30,94
20;79;335.101;-117,41;31,46
20;80;335.101;-117.378;31,13
20;81;335.101;-117.345;30,34
20;82;335.101;-117.313;28,84
20;83;335.101;-117,28;27,66
20;84;335.101;-117.248;26,90
20;85;335.101;-117.215;26,42
20;86;335.101;-117.183;26,14
20;87;335.101;-117,15;25,67
20;88;335.101;-117.118;25,31
20;89;335.101;-117.085;24,30
20;90;335.101;-117.053;23,69
20;91;335.101;-117,02;24,06
20;92;335.101;-116.988;24,57
20;93;335.101;-116.956;25,21
20;94;335.101;-116.923;25,92
20;95;335.101;-116.891;27,13
20;96;335.101;-116.858;28,70
20;97;335.101;-116.826;30,80
20;98;335.101;-116.793;32,90
20;99;335.101;-116.761;34,97
21;1;335.372;-119.942;79,66
21;2;335.372;-119.909;78,25
21;3;335.372;-119.877;77,64
21;4;335.372;-119.844;77,47
21;5;335.372;-119.812;77,41
21;6;335.372;-119,78;79,27
21;7;335.372;-119.747;78,26
21;8;335.372;-119.715;79,96
21;9;335.372;-119.682;79,42
21;10;335.372;-119,65;73,10
21;11;335.372;-119.617;65,46
21;12;335.372;-119.585;59,48
21;13;335.372;-119.552;59,24
21;14;335.372;-119,52;60,27
21;15;335.372;-119.487;61,88
21;16;335.372;-119.455;61,19
21;17;335.372;-119.422;58,77
21;18;335.372;-119,39;57,48
21;19;335.372;-119.358;57,71
21;20;335.372;-119.325;58,11
21;21;335.372;-119.293;57,72
21;22;335.372;-119,26;56,60
21;23;335.372;-119.228;56,07
21;24;335.372;-119.195;56,48
21;25;335.372;-119.163;56,57
21;26;335.372;-119,13;55,53
21;27;335.372;-119.098;55,34
21;28;335.372;-119.065;56,05
21;29;335.372;-119.033;56,47
21;30;335.372;-119;56,35
21;31;335.372;-118.968;55,74
21;32;335.372;-118.936;61,08
21;33;335.372;-118.903;66,23
21;34;335.372;-118.871;63,34
21;35;335.372;-118.838;61,30
21;36;335.372;-118.806;60,84
21;37;335.372;-118.773;62,06
21;38;335.372;-118.741;65,70
21;39;335.372;-118.708;68,87
21;40;335.372;-118.676;76,42
21;41;335.372;-118.643;68,97
21;42;335.372;-118.611;72,17
21;43;335.372;-118.579;68,41
21;44;335.372;-118.546;71,50
21;45;335.372;-118.514;63,68
21;46;335.372;-118.481;57,87
21;47;335.372;-118.449;56,59
21;48;335.372;-118.416;54,73
21;49;335.372;-118.384;53,22
21;50;335.372;-118.351;51,24
21;51;335.372;-118.319;51,42
21;52;335.372;-118.286;51,62
21;53;335.372;-118.254;54,48
21;54;335.372;-118.221;53,23
21;55;335.372;-118.189;56,84
21;56;335.372;-118.157;55,10
21;57;335.372;-118.124;57,05
21;58;335.372;-118.092;54,89
21;59;335.372;-118.059;58,96
21;60;335.372;-118.027;56,60
21;61;335.372;-117.994;61,41
21;62;335.372;-117.962;54,05
21;63;335.372;-117.929;40,95
21;64;335.372;-117.897;29,14
21;65;335.372;-117.864;30,93
21;66;335.372;-117.832;30,34
21;67;335.372;-117.799;33,03
21;68;335.372;-117.767;40,20
21;69;335.372;-117.735;53,31
21;70;335.372;-117.702;33,11
21;71;335.372;-117,67;28,78
21;72;335.372;-117.637;28,53
21;73;335.372;-117.605;29,60
21;74;335.372;-117.572;30,30
21;75;335.372;-117,54;30,70
21;76;335.372;-117.507;30,89
21;77;335.372;-117.475;32,13
21;78;335.372;-117.442;32,49
21;79;335.372;-117,41;33,27
21;80;335.372;-117.378;32,58
21;81;335.372;-117.345;31,49
21;82;335.372;-117.313;29,72
21;83;335.372;-117,28;28,08
21;84;335.372;-117.248;26,96
21;85;335.372;-117.215;26,34
21;86;335.372;-117.183;25,89
21;87;335.372;-117,15;25,36
21;88;335.372;-117.118;25,01
21;89;335.372;-117.085;24,71
21;90;335.372;-117.053;24,03
21;91;335.372;-117,02;24,00
21;92;335.372;-116.988;24,57
21;93;335.372;-116.956;25,27
21;94;335.372;-116.923;25,77
21;95;335.372;-116.891;27,04
21;96;335.372;-116.858;28,68
21;97;335.372;-116.826;30,77
21;98;335.372;-116.793;32,90
21;99;335.372;-116.761;34,98
22;1;335.642;-119.942;79,08
22;2;335.642;-119.909;78,17
22;3;335.642;-119.877;77,78
22;4;335.642;-119.844;76,63
22;5;335.642;-119.812;78,64
22;6;335.642;-119,78;76,85
22;7;335.642;-119.747;77,13
22;8;335.642;-119.715;78,61
22;9;335.642;-119.682;79,04
22;10;335.642;-119,65;73,35
22;11;335.642;-119.617;65,70
22;12;335.642;-119.585;58,76
22;13;335.642;-119.552;59,03
22;14;335.642;-119,52;59,69
22;15;335.642;-119.487;61,11
22;16;335.642;-119.455;61,73
22;17;335.642;-119.422;60,38
22;18;335.642;-119,39;58,02
22;19;335.642;-119.358;56,99
22;20;335.642;-119.325;56,88
22;21;335.642;-119.293;56,39
22;22;335.642;-119,26;55,50
22;23;335.642;-119.228;55,45
22;24;335.642;-119.195;56,02
22;25;335.642;-119.163;55,51
22;26;335.642;-119,13;54,26
22;27;335.642;-119.098;54,43
22;28;335.642;-119.065;55,32
22;29;335.642;-119.033;55,86
22;30;335.642;-119;55,55
22;31;335.642;-118.968;53,47
22;32;335.642;-118.936;54,75
22;33;335.642;-118.903;63,02
22;34;335.642;-118.871;65,38
22;35;335.642;-118.838;62,30
22;36;335.642;-118.806;61,88
22;37;335.642;-118.773;62,30
22;38;335.642;-118.741;64,44
22;39;335.642;-118.708;68,37
22;40;335.642;-118.676;69,29
22;41;335.642;-118.643;72,14
22;42;335.642;-118.611;67,15
22;43;335.642;-118.579;70,23
22;44;335.642;-118.546;69,37
22;45;335.642;-118.514;68,90
22;46;335.642;-118.481;63,65
22;47;335.642;-118.449;56,33
22;48;335.642;-118.416;53,24
22;49;335.642;-118.384;49,89
22;50;335.642;-118.351;49,17
22;51;335.642;-118.319;50,16
22;52;335.642;-118.286;52,12
22;53;335.642;-118.254;53,73
22;54;335.642;-118.221;56,58
22;55;335.642;-118.189;54,59
22;56;335.642;-118.157;57,08
22;57;335.642;-118.124;54,64
22;58;335.642;-118.092;55,17
22;59;335.642;-118.059;57,59
22;60;335.642;-118.027;58,30
22;61;335.642;-117.994;59,27
22;62;335.642;-117.962;47,36
22;63;335.642;-117.929;35,02
22;64;335.642;-117.897;28,62
22;65;335.642;-117.864;28,93
22;66;335.642;-117.832;28,82
22;67;335.642;-117.799;29,30
22;68;335.642;-117.767;30,29
22;69;335.642;-117.735;31,36
22;70;335.642;-117.702;29,07
22;71;335.642;-117,67;28,94
22;72;335.642;-117.637;29,47
22;73;335.642;-117.605;29,87
22;74;335.642;-117.572;30,85
22;75;335.642;-117,54;32,11
22;76;335.642;-117.507;33,63
22;77;335.642;-117.475;33,79
22;78;335.642;-117.442;34,60
22;79;335.642;-117,41;34,81
22;80;335.642;-117.378;33,94
22;81;335.642;-117.345;32,43
22;82;335.642;-117.313;30,33
22;83;335.642;-117,28;28,45
22;84;335.642;-117.248;26,88
22;85;335.642;-117.215;25,87
22;86;335.642;-117.183;25,10
22;87;335.642;-117,15;24,72
22;88;335.642;-117.118;24,49
22;89;335.642;-117.085;24,72
22;90;335.642;-117.053;24,70
22;91;335.642;-117,02;24,46
22;92;335.642;-116.988;24,69
22;93;335.642;-116.956;25,64
22;94;335.642;-116.923;26,52
22;95;335.642;-116.891;27,78
22;96;335.642;-116.858;29,44
22;97;335.642;-116.826;31,31
22;98;335.642;-116.793;33,31
22;99;335.642;-116.761;35,33
23;1;335.913;-119.942;78,53
23;2;335.913;-119.909;78,06
23;3;335.913;-119.877;77,78
23;4;335.913;-119.844;77,06
23;5;335.913;-119.812;78,02
23;6;335.913;-119,78;75,50
23;7;335.913;-119.747;76,04
23;8;335.913;-119.715;76,46
23;9;335.913;-119.682;76,14
23;10;335.913;-119,65;73,06
23;11;335.913;-119.617;64,14
23;12;335.913;-119.585;58,72
23;13;335.913;-119.552;58,51
23;14;335.913;-119,52;59,82
23;15;335.913;-119.487;61,24
23;16;335.913;-119.455;61,92
23;17;335.913;-119.422;61,61
23;18;335.913;-119,39;59,25
23;19;335.913;-119.358;56,58
23;20;335.913;-119.325;55,65
23;21;335.913;-119.293;55,42
23;22;335.913;-119,26;54,89
23;23;335.913;-119.228;54,87
23;24;335.913;-119.195;54,80
23;25;335.913;-119.163;53,33
23;26;335.913;-119,13;52,18
23;27;335.913;-119.098;53,05
23;28;335.913;-119.065;54,31
23;29;335.913;-119.033;55,52
23;30;335.913;-119;55,91
23;31;335.913;-118.968;53,50
23;32;335.913;-118.936;51,86
23;33;335.913;-118.903;57,06
23;34;335.913;-118.871;64,78
23;35;335.913;-118.838;64,07
23;36;335.913;-118.806;63,12
23;37;335.913;-118.773;62,94
23;38;335.913;-118.741;63,79
23;39;335.913;-118.708;65,30
23;40;335.913;-118.676;67,61
23;41;335.913;-118.643;65,55
23;42;335.913;-118.611;69,23
23;43;335.913;-118.579;67,78
23;44;335.913;-118.546;70,20
23;45;335.913;-118.514;70,81
23;46;335.913;-118.481;68,14
23;47;335.913;-118.449;62,60
23;48;335.913;-118.416;56,42
23;49;335.913;-118.384;51,85
23;50;335.913;-118.351;47,24
23;51;335.913;-118.319;48,36
23;52;335.913;-118.286;49,50
23;53;335.913;-118.254;51,01
23;54;335.913;-118.221;55,64
23;55;335.913;-118.189;58,06
23;56;335.913;-118.157;55,75
23;57;335.913;-118.124;53,04
23;58;335.913;-118.092;57,19
23;59;335.913;-118.059;54,13
23;60;335.913;-118.027;61,02
23;61;335.913;-117.994;47,28
23;62;335.913;-117.962;36,39
23;63;335.913;-117.929;30,58
23;64;335.913;-117.897;29,43
23;65;335.913;-117.864;29,82
23;66;335.913;-117.832;30,04
23;67;335.913;-117.799;30,05
23;68;335.913;-117.767;29,95
23;69;335.913;-117.735;30,01
23;70;335.913;-117.702;30,02
23;71;335.913;-117,67;30,25
23;72;335.913;-117.637;30,67
23;73;335.913;-117.605;31,86
23;74;335.913;-117.572;33,22
23;75;335.913;-117,54;34,59
23;76;335.913;-117.507;35,71
23;77;335.913;-117.475;36,02
23;78;335.913;-117.442;36,34
23;79;335.913;-117,41;36,10
23;80;335.913;-117.378;34,93
23;81;335.913;-117.345;33,24
23;82;335.913;-117.313;31,02
23;83;335.913;-117,28;29,08
23;84;335.913;-117.248;27,39
23;85;335.913;-117.215;25,90
23;86;335.913;-117.183;24,73
23;87;335.913;-117,15;24,50
23;88;335.913;-117.118;24,52
23;89;335.913;-117.085;24,81
23;90;335.913;-117.053;25,41
23;91;335.913;-117,02;25,11
23;92;335.913;-116.988;24,89
23;93;335.913;-116.956;26,00
23;94;335.913;-116.923;26,95
23;95;335.913;-116.891;28,12
23;96;335.913;-116.858;29,76
23;97;335.913;-116.826;31,44
23;98;335.913;-116.793;33,40
23;99;335.913;-116.761;35,49
24;1;336.183;-119.942;77,89
24;2;336.183;-119.909;77,97
24;3;336.183;-119.877;77,85
24;4;336.183;-119.844;77,61
24;5;336.183;-119.812;76,93
24;6;336.183;-119,78;77,22
24;7;336.183;-119.747;76,90
24;8;336.183;-119.715;75,63
24;9;336.183;-119.682;74,50
24;10;336.183;-119,65;73,54
24;11;336.183;-119.617;63,57
24;12;336.183;-119.585;58,54
24;13;336.183;-119.552;59,19
24;14;336.183;-119,52;60,55
24;15;336.183;-119.487;61,33
24;16;336.183;-119.455;62,40
24;17;336.183;-119.422;62,08
24;18;336.183;-119,39;60,20
24;19;336.183;-119.358;56,82
24;20;336.183;-119.325;54,91
24;21;336.183;-119.293;55,00
24;22;336.183;-119,26;54,60
24;23;336.183;-119.228;53,78
24;24;336.183;-119.195;52,68
24;25;336.183;-119.163;50,84
24;26;336.183;-119,13;50,15
24;27;336.183;-119.098;51,36
24;28;336.183;-119.065;53,04
24;29;336.183;-119.033;55,62
24;30;336.183;-119;56,48
24;31;336.183;-118.968;54,34
24;32;336.183;-118.936;51,73
24;33;336.183;-118.903;52,32
24;34;336.183;-118.871;59,98
24;35;336.183;-118.838;64,68
24;36;336.183;-118.806;62,22
24;37;336.183;-118.773;63,16
24;38;336.183;-118.741;62,65
24;39;336.183;-118.708;62,44
24;40;336.183;-118.676;63,42
24;41;336.183;-118.643;64,53
24;42;336.183;-118.611;65,85
24;43;336.183;-118.579;69,17
24;44;336.183;-118.546;68,82
24;45;336.183;-118.514;71,83
24;46;336.183;-118.481;73,98
24;47;336.183;-118.449;69,43
24;48;336.183;-118.416;61,76
24;49;336.183;-118.384;52,57
24;50;336.183;-118.351;45,78
24;51;336.183;-118.319;45,60
24;52;336.183;-118.286;45,19
24;53;336.183;-118.254;46,44
24;54;336.183;-118.221;48,85
24;55;336.183;-118.189;52,34
24;56;336.183;-118.157;56,51
24;57;336.183;-118.124;50,58
24;58;336.183;-118.092;53,62
24;59;336.183;-118.059;51,94
24;60;336.183;-118.027;53,75
24;61;336.183;-117.994;32,79
24;62;336.183;-117.962;30,12
24;63;336.183;-117.929;30,42
24;64;336.183;-117.897;29,62
24;65;336.183;-117.864;30,05
24;66;336.183;-117.832;30,46
24;67;336.183;-117.799;30,79
24;68;336.183;-117.767;30,79
24;69;336.183;-117.735;31,06
24;70;336.183;-117.702;31,16
24;71;336.183;-117,67;31,60
24;72;336.183;-117.637;32,27
24;73;336.183;-117.605;33,57
24;74;336.183;-117.572;35,31
24;75;336.183;-117,54;36,56
24;76;336.183;-117.507;37,98
24;77;336.183;-117.475;38,33
24;78;336.183;-117.442;38,07
24;79;336.183;-117,41;36,88
24;80;336.183;-117.378;35,61
24;81;336.183;-117.345;33,74
24;82;336.183;-117.313;31,42
24;83;336.183;-117,28;29,54
24;84;336.183;-117.248;28,16
24;85;336.183;-117.215;27,08
24;86;336.183;-117.183;25,77
24;87;336.183;-117,15;25,24
24;88;336.183;-117.118;25,16
24;89;336.183;-117.085;25,38
24;90;336.183;-117.053;25,91
24;91;336.183;-117,02;25,77
24;92;336.183;-116.988;25,01
24;93;336.183;-116.956;26,24
24;94;336.183;-116.923;27,24
24;95;336.183;-116.891;28,26
24;96;336.183;-116.858;29,82
24;97;336.183;-116.826;31,38
24;98;336.183;-116.793;33,40
24;99;336.183;-116.761;35,68
25;1;336.453;-119.942;77,41
25;2;336.453;-119.909;77,83
25;3;336.453;-119.877;77,98
25;4;336.453;-119.844;78,10
25;5;336.453;-119.812;77,84
25;6;336.453;-119,78;79,41
25;7;336.453;-119.747;78,30
25;8;336.453;-119.715;76,71
25;9;336.453;-119.682;77,25
25;10;336.453;-119,65;72,87
25;11;336.453;-119.617;65,24
25;12;336.453;-119.585;58,21
25;13;336.453;-119.552;58,98
25;14;336.453;-119,52;60,40
25;15;336.453;-119.487;62,07
25;16;336.453;-119.455;62,42
25;17;336.453;-119.422;62,50
25;18;336.453;-119,39;60,85
25;19;336.453;-119.358;57,64
25;20;336.453;-119.325;54,96
25;21;336.453;-119.293;54,93
25;22;336.453;-119,26;54,42
25;23;336.453;-119.228;52,05
25;24;336.453;-119.195;50,37
25;25;336.453;-119.163;49,13
25;26;336.453;-119,13;48,81
25;27;336.453;-119.098;49,97
25;28;336.453;-119.065;52,17
25;29;336.453;-119.033;55,03
25;30;336.453;-119;56,28
25;31;336.453;-118.968;55,15
25;32;336.453;-118.936;52,35
25;33;336.453;-118.903;50,27
25;34;336.453;-118.871;53,34
25;35;336.453;-118.838;61,28
25;36;336.453;-118.806;63,23
25;37;336.453;-118.773;62,71
25;38;336.453;-118.741;62,04
25;39;336.453;-118.708;61,06
25;40;336.453;-118.676;60,91
25;41;336.453;-118.643;62,24
25;42;336.453;-118.611;64,02
25;43;336.453;-118.579;67,77
25;44;336.453;-118.546;68,36
25;45;336.453;-118.514;72,27
25;46;336.453;-118.481;74,31
25;47;336.453;-118.449;73,53
25;48;336.453;-118.416;68,68
25;49;336.453;-118.384;56,48
25;50;336.453;-118.351;43,77
25;51;336.453;-118.319;41,70
25;52;336.453;-118.286;40,37
25;53;336.453;-118.254;41,32
25;54;336.453;-118.221;41,56
25;55;336.453;-118.189;46,34
25;56;336.453;-118.157;46,36
25;57;336.453;-118.124;46,14
25;58;336.453;-118.092;47,54
25;59;336.453;-118.059;45,76
25;60;336.453;-118.027;39,59
25;61;336.453;-117.994;27,83
25;62;336.453;-117.962;29,76
25;63;336.453;-117.929;29,35
25;64;336.453;-117.897;29,99
25;65;336.453;-117.864;30,26
25;66;336.453;-117.832;30,57
25;67;336.453;-117.799;30,81
25;68;336.453;-117.767;31,15
25;69;336.453;-117.735;31,65
25;70;336.453;-117.702;32,16
25;71;336.453;-117,67;32,97
25;72;336.453;-117.637;34,21
25;73;336.453;-117.605;36,12
25;74;336.453;-117.572;37,67
25;75;336.453;-117,54;39,11
25;76;336.453;-117.507;40,97
25;77;336.453;-117.475;40,92
25;78;336.453;-117.442;39,85
25;79;336.453;-117,41;37,74
25;80;336.453;-117.378;35,97
25;81;336.453;-117.345;33,94
25;82;336.453;-117.313;31,60
25;83;336.453;-117,28;29,86
25;84;336.453;-117.248;28,58
25;85;336.453;-117.215;28,06
25;86;336.453;-117.183;27,31
25;87;336.453;-117,15;26,70
25;88;336.453;-117.118;26,34
25;89;336.453;-117.085;26,30
25;90;336.453;-117.053;26,40
25;91;336.453;-117,02;26,06
25;92;336.453;-116.988;24,95
25;93;336.453;-116.956;26,17
25;94;336.453;-116.923;27,12
25;95;336.453;-116.891;27,94
25;96;336.453;-116.858;29,35
25;97;336.453;-116.826;30,89
25;98;336.453;-116.793;33,23
25;99;336.453;-116.761;35,60
26;1;336.724;-119.942;75,69
26;2;336.724;-119.909;76,58
26;3;336.724;-119.877;77,44
26;4;336.724;-119.844;77,66
26;5;336.724;-119.812;79,23
26;6;336.724;-119,78;77,54
26;7;336.724;-119.747;76,39
26;8;336.724;-119.715;78,22
26;9;336.724;-119.682;76,82
26;10;336.724;-119,65;75,27
26;11;336.724;-119.617;65,25
26;12;336.724;-119.585;59,87
26;13;336.724;-119.552;57,93
26;14;336.724;-119,52;60,63
26;15;336.724;-119.487;61,39
26;16;336.724;-119.455;62,68
26;17;336.724;-119.422;62,72
26;18;336.724;-119,39;61,20
26;19;336.724;-119.358;57,95
26;20;336.724;-119.325;54,60
26;21;336.724;-119.293;54,27
26;22;336.724;-119,26;53,81
26;23;336.724;-119.228;50,90
26;24;336.724;-119.195;49,01
26;25;336.724;-119.163;48,27
26;26;336.724;-119,13;47,99
26;27;336.724;-119.098;49,23
26;28;336.724;-119.065;51,20
26;29;336.724;-119.033;53,08
26;30;336.724;-119;54,57
26;31;336.724;-118.968;54,82
26;32;336.724;-118.936;52,88
26;33;336.724;-118.903;49,84
26;34;336.724;-118.871;49,50
26;35;336.724;-118.838;54,44
26;36;336.724;-118.806;60,49
26;37;336.724;-118.773;61,07
26;38;336.724;-118.741;61,15
26;39;336.724;-118.708;60,94
26;40;336.724;-118.676;60,84
26;41;336.724;-118.643;61,37
26;42;336.724;-118.611;62,94
26;43;336.724;-118.579;65,22
26;44;336.724;-118.546;68,96
26;45;336.724;-118.514;70,51
26;46;336.724;-118.481;72,35
26;47;336.724;-118.449;74,00
26;48;336.724;-118.416;73,08
26;49;336.724;-118.384;55,66
26;50;336.724;-118.351;38,68
26;51;336.724;-118.319;35,89
26;52;336.724;-118.286;34,93
26;53;336.724;-118.254;35,52
26;54;336.724;-118.221;37,05
26;55;336.724;-118.189;41,22
26;56;336.724;-118.157;42,20
26;57;336.724;-118.124;39,96
26;58;336.724;-118.092;43,60
26;59;336.724;-118.059;37,40
26;60;336.724;-118.027;31,56
26;61;336.724;-117.994;28,79
26;62;336.724;-117.962;29,33
26;63;336.724;-117.929;29,59
26;64;336.724;-117.897;29,97
26;65;336.724;-117.864;30,24
26;66;336.724;-117.832;30,57
26;67;336.724;-117.799;30,90
26;68;336.724;-117.767;31,40
26;69;336.724;-117.735;32,15
26;70;336.724;-117.702;33,09
26;71;336.724;-117,67;34,46
26;72;336.724;-117.637;36,10
26;73;336.724;-117.605;38,15
26;74;336.724;-117.572;39,87
26;75;336.724;-117,54;41,38
26;76;336.724;-117.507;42,55
26;77;336.724;-117.475;42,22
26;78;336.724;-117.442;40,78
26;79;336.724;-117,41;38,57
26;80;336.724;-117.378;36,34
26;81;336.724;-117.345;34,24
26;82;336.724;-117.313;32,06
26;83;336.724;-117,28;30,47
26;84;336.724;-117.248;29,27
26;85;336.724;-117.215;28,58
26;86;336.724;-117.183;28,02
26;87;336.724;-117,15;27,70
26;88;336.724;-117.118;27,42
26;89;336.724;-117.085;27,21
26;90;336.724;-117.053;26,55
26;91;336.724;-117,02;25,58
26;92;336.724;-116.988;24,65
26;93;336.724;-116.956;25,79
26;94;336.724;-116.923;26,86
26;95;336.724;-116.891;27,81
26;96;336.724;-116.858;29,32
26;97;336.724;-116.826;31,13
26;98;336.724;-116.793;33,56
26;99;336.724;-116.761;36,64
27;1;336.994;-119.942;73,17
27;2;336.994;-119.909;74,35
27;3;336.994;-119.877;75,46
27;4;336.994;-119.844;75,39
27;5;336.994;-119.812;76,38
27;6;336.994;-119,78;74,64
27;7;336.994;-119.747;74,95
27;8;336.994;-119.715;73,94
27;9;336.994;-119.682;76,58
27;10;336.994;-119,65;71,33
27;11;336.994;-119.617;66,45
27;12;336.994;-119.585;58,68
27;13;336.994;-119.552;58,00
27;14;336.994;-119,52;58,20
27;15;336.994;-119.487;60,91
27;16;336.994;-119.455;61,19
27;17;336.994;-119.422;62,62
27;18;336.994;-119,39;60,99
27;19;336.994;-119.358;57,17
27;20;336.994;-119.325;53,57
27;21;336.994;-119.293;53,50
27;22;336.994;-119,26;53,38
27;23;336.994;-119.228;50,53
27;24;336.994;-119.195;48,73
27;25;336.994;-119.163;47,86
27;26;336.994;-119,13;47,75
27;27;336.994;-119.098;48,70
27;28;336.994;-119.065;49,18
27;29;336.994;-119.033;49,76
27;30;336.994;-119;51,14
27;31;336.994;-118.968;52,14
27;32;336.994;-118.936;51,89
27;33;336.994;-118.903;50,23
27;34;336.994;-118.871;48,51
27;35;336.994;-118.838;49,98
27;36;336.994;-118.806;55,58
27;37;336.994;-118.773;59,53
27;38;336.994;-118.741;60,01
27;39;336.994;-118.708;61,11
27;40;336.994;-118.676;61,61
27;41;336.994;-118.643;62,12
27;42;336.994;-118.611;62,65
27;43;336.994;-118.579;64,35
27;44;336.994;-118.546;67,54
27;45;336.994;-118.514;70,38
27;46;336.994;-118.481;71,89
27;47;336.994;-118.449;71,07
27;48;336.994;-118.416;74,39
27;49;336.994;-118.384;50,31
27;50;336.994;-118.351;33,97
27;51;336.994;-118.319;31,61
27;52;336.994;-118.286;31,39
27;53;336.994;-118.254;32,13
27;54;336.994;-118.221;34,30
27;55;336.994;-118.189;40,40
27;56;336.994;-118.157;36,20
27;57;336.994;-118.124;36,09
27;58;336.994;-118.092;33,45
27;59;336.994;-118.059;30,38
27;60;336.994;-118.027;28,89
27;61;336.994;-117.994;28,67
27;62;336.994;-117.962;29,14
27;63;336.994;-117.929;29,59
27;64;336.994;-117.897;29,89
27;65;336.994;-117.864;30,23
27;66;336.994;-117.832;30,58
27;67;336.994;-117.799;30,98
27;68;336.994;-117.767;31,71
27;69;336.994;-117.735;32,76
27;70;336.994;-117.702;34,18
27;71;336.994;-117,67;35,92
27;72;336.994;-117.637;37,98
27;73;336.994;-117.605;40,43
27;74;336.994;-117.572;41,99
27;75;336.994;-117,54;42,14
27;76;336.994;-117.507;42,99
27;77;336.994;-117.475;42,51
27;78;336.994;-117.442;40,93
27;79;336.994;-117,41;38,71
27;80;336.994;-117.378;36,54
27;81;336.994;-117.345;34,50
27;82;336.994;-117.313;32,70
27;83;336.994;-117,28;31,02
27;84;336.994;-117.248;29,89
27;85;336.994;-117.215;29,19
27;86;336.994;-117.183;28,45
27;87;336.994;-117,15;27,99
27;88;336.994;-117.118;27,84
27;89;336.994;-117.085;27,70
27;90;336.994;-117.053;26,21
27;91;336.994;-117,02;24,76
27;92;336.994;-116.988;24,43
27;93;336.994;-116.956;25,35
27;94;336.994;-116.923;26,44
27;95;336.994;-116.891;27,72
27;96;336.994;-116.858;29,63
27;97;336.994;-116.826;31,85
27;98;336.994;-116.793;34,88
27;99;336.994;-116.761;38,44
28;1;337.264;-119.942;69,68
28;2;337.264;-119.909;71,42
28;3;337.264;-119.877;72,99
28;4;337.264;-119.844;72,71
28;5;337.264;-119.812;72,81
28;6;337.264;-119,78;71,71
28;7;337.264;-119.747;71,70
28;8;337.264;-119.715;71,06
28;9;337.264;-119.682;70,92
28;10;337.264;-119,65;68,95
28;11;337.264;-119.617;60,67
28;12;337.264;-119.585;57,60
28;13;337.264;-119.552;54,57
28;14;337.264;-119,52;56,92
28;15;337.264;-119.487;57,71
28;16;337.264;-119.455;59,97
28;17;337.264;-119.422;61,05
28;18;337.264;-119,39;60,36
28;19;337.264;-119.358;56,15
28;20;337.264;-119.325;52,49
28;21;337.264;-119.293;52,45
28;22;337.264;-119,26;52,86
28;23;337.264;-119.228;50,47
28;24;337.264;-119.195;48,35
28;25;337.264;-119.163;47,59
28;26;337.264;-119,13;47,41
28;27;337.264;-119.098;47,68
28;28;337.264;-119.065;47,08
28;29;337.264;-119.033;46,85
28;30;337.264;-119;47,42
28;31;337.264;-118.968;47,97
28;32;337.264;-118.936;49,15
28;33;337.264;-118.903;49,75
28;34;337.264;-118.871;48,75
28;35;337.264;-118.838;48,62
28;36;337.264;-118.806;51,85
28;37;337.264;-118.773;57,23
28;38;337.264;-118.741;59,83
28;39;337.264;-118.708;61,52
28;40;337.264;-118.676;62,88
28;41;337.264;-118.643;62,89
28;42;337.264;-118.611;63,00
28;43;337.264;-118.579;64,08
28;44;337.264;-118.546;67,84
28;45;337.264;-118.514;69,72
28;46;337.264;-118.481;73,10
28;47;337.264;-118.449;68,89
28;48;337.264;-118.416;75,46
28;49;337.264;-118.384;44,29
28;50;337.264;-118.351;32,68
28;51;337.264;-118.319;30,45
28;52;337.264;-118.286;29,67
28;53;337.264;-118.254;30,14
28;54;337.264;-118.221;31,40
28;55;337.264;-118.189;37,52
28;56;337.264;-118.157;35,73
28;57;337.264;-118.124;31,19
28;58;337.264;-118.092;27,22
28;59;337.264;-118.059;27,21
28;60;337.264;-118.027;27,95
28;61;337.264;-117.994;28,51
28;62;337.264;-117.962;28,95
28;63;337.264;-117.929;29,45
28;64;337.264;-117.897;29,77
28;65;337.264;-117.864;30,15
28;66;337.264;-117.832;30,55
28;67;337.264;-117.799;31,00
28;68;337.264;-117.767;32,00
28;69;337.264;-117.735;33,42
28;70;337.264;-117.702;35,37
28;71;337.264;-117,67;37,40
28;72;337.264;-117.637;39,67
28;73;337.264;-117.605;42,37
28;74;337.264;-117.572;43,37
28;75;337.264;-117,54;42,88
28;76;337.264;-117.507;43,00
28;77;337.264;-117.475;41,81
28;78;337.264;-117.442;40,15
28;79;337.264;-117,41;38,26
28;80;337.264;-117.378;36,43
28;81;337.264;-117.345;34,72
28;82;337.264;-117.313;33,20
28;83;337.264;-117,28;31,75
28;84;337.264;-117.248;30,47
28;85;337.264;-117.215;29,52
28;86;337.264;-117.183;28,75
28;87;337.264;-117,15;28,14
28;88;337.264;-117.118;27,94
28;89;337.264;-117.085;27,59
28;90;337.264;-117.053;25,42
28;91;337.264;-117,02;23,90
28;92;337.264;-116.988;24,26
28;93;337.264;-116.956;25,11
28;94;337.264;-116.923;25,89
28;95;337.264;-116.891;27,52
28;96;337.264;-116.858;29,93
28;97;337.264;-116.826;33,20
28;98;337.264;-116.793;37,16
28;99;337.264;-116.761;41,51
29;1;337.533;-119.942;66,86
29;2;337.533;-119.909;69,34
29;3;337.533;-119.877;70,97
29;4;337.533;-119.844;70,69
29;5;337.533;-119.812;70,19
29;6;337.533;-119,78;68,66
29;7;337.533;-119.747;68,15
29;8;337.533;-119.715;68,06
29;9;337.533;-119.682;65,50
29;10;337.533;-119,65;59,98
29;11;337.533;-119.617;57,05
29;12;337.533;-119.585;51,68
29;13;337.533;-119.552;53,15
29;14;337.533;-119,52;52,71
29;15;337.533;-119.487;56,10
29;16;337.533;-119.455;56,84
29;17;337.533;-119.422;59,99
29;18;337.533;-119,39;59,31
29;19;337.533;-119.358;55,30
29;20;337.533;-119.325;51,96
29;21;337.533;-119.293;51,48
29;22;337.533;-119,26;51,04
29;23;337.533;-119.228;49,96
29;24;337.533;-119.195;48,02
29;25;337.533;-119.163;47,24
29;26;337.533;-119,13;46,61
29;27;337.533;-119.098;46,76
29;28;337.533;-119.065;46,03
29;29;337.533;-119.033;45,72
29;30;337.533;-119;45,40
29;31;337.533;-118.968;45,09
29;32;337.533;-118.936;45,59
29;33;337.533;-118.903;47,34
29;34;337.533;-118.871;48,23
29;35;337.533;-118.838;48,19
29;36;337.533;-118.806;49,67
29;37;337.533;-118.773;53,86
29;38;337.533;-118.741;58,34
29;39;337.533;-118.708;60,78
29;40;337.533;-118.676;63,10
29;41;337.533;-118.643;63,33
29;42;337.533;-118.611;63,42
29;43;337.533;-118.579;64,20
29;44;337.533;-118.546;67,08
29;45;337.533;-118.514;68,55
29;46;337.533;-118.481;72,01
29;47;337.533;-118.449;66,95
29;48;337.533;-118.416;76,67
29;49;337.533;-118.384;47,80
29;50;337.533;-118.351;34,66
29;51;337.533;-118.319;31,24
29;52;337.533;-118.286;29,68
29;53;337.533;-118.254;30,09
29;54;337.533;-118.221;30,82
29;55;337.533;-118.189;34,82
29;56;337.533;-118.157;33,68
29;57;337.533;-118.124;31,07
29;58;337.533;-118.092;27,04
29;59;337.533;-118.059;26,92
29;60;337.533;-118.027;27,56
29;61;337.533;-117.994;28,17
29;62;337.533;-117.962;28,71
29;63;337.533;-117.929;29,22
29;64;337.533;-117.897;29,60
29;65;337.533;-117.864;30,03
29;66;337.533;-117.832;30,54
29;67;337.533;-117.799;31,12
29;68;337.533;-117.767;32,24
29;69;337.533;-117.735;33,85
29;70;337.533;-117.702;36,07
29;71;337.533;-117,67;38,18
29;72;337.533;-117.637;40,34
29;73;337.533;-117.605;42,66
29;74;337.533;-117.572;43,56
29;75;337.533;-117,54;43,13
29;76;337.533;-117.507;42,20
29;77;337.533;-117.475;40,80
29;78;337.533;-117.442;39,19
29;79;337.533;-117,41;37,57
29;80;337.533;-117.378;36,07
29;81;337.533;-117.345;34,66
29;82;337.533;-117.313;33,43
29;83;337.533;-117,28;32,11
29;84;337.533;-117.248;30,62
29;85;337.533;-117.215;29,20
29;86;337.533;-117.183;28,04
29;87;337.533;-117,15;27,57
29;88;337.533;-117.118;27,61
29;89;337.533;-117.085;27,34
29;90;337.533;-117.053;24,82
29;91;337.533;-117,02;23,61
29;92;337.533;-116.988;24,15
29;93;337.533;-116.956;24,79
29;94;337.533;-116.923;25,82
29;95;337.533;-116.891;27,57
29;96;337.533;-116.858;30,38
29;97;337.533;-116.826;34,38
29;98;337.533;-116.793;38,81
29;99;337.533;-116.761;43,54
30;1;337.803;-119.942;64,65
30;2;337.803;-119.909;67,81
30;3;337.803;-119.877;69,05
30;4;337.803;-119.844;68,72
30;5;337.803;-119.812;67,55
30;6;337.803;-119,78;66,13
30;7;337.803;-119.747;65,20
30;8;337.803;-119.715;63,54
30;9;337.803;-119.682;58,79
30;10;337.803;-119,65;56,23
30;11;337.803;-119.617;51,55
30;12;337.803;-119.585;49,72
30;13;337.803;-119.552;48,76
30;14;337.803;-119,52;50,21
30;15;337.803;-119.487;52,64
30;16;337.803;-119.455;56,14
30;17;337.803;-119.422;56,78
30;18;337.803;-119,39;59,31
30;19;337.803;-119.358;54,55
30;20;337.803;-119.325;51,76
30;21;337.803;-119.293;50,78
30;22;337.803;-119,26;49,28
30;23;337.803;-119.228;48,25
30;24;337.803;-119.195;47,62
30;25;337.803;-119.163;47,02
30;26;337.803;-119,13;45,86
30;27;337.803;-119.098;46,21
30;28;337.803;-119.065;45,70
30;29;337.803;-119.033;45,23
30;30;337.803;-119;44,46
30;31;337.803;-118.968;43,99
30;32;337.803;-118.936;43,52
30;33;337.803;-118.903;43,68
30;34;337.803;-118.871;45,57
30;35;337.803;-118.838;47,14
30;36;337.803;-118.806;48,46
30;37;337.803;-118.773;51,03
30;38;337.803;-118.741;54,99
30;39;337.803;-118.708;58,72
30;40;337.803;-118.676;61,73
30;41;337.803;-118.643;64,09
30;42;337.803;-118.611;64,51
30;43;337.803;-118.579;64,26
30;44;337.803;-118.546;65,28
30;45;337.803;-118.514;66,72
30;46;337.803;-118.481;69,81
30;47;337.803;-118.449;63,46
30;48;337.803;-118.416;75,40
30;49;337.803;-118.384;50,30
30;50;337.803;-118.351;36,42
30;51;337.803;-118.319;32,03
30;52;337.803;-118.286;29,50
30;53;337.803;-118.254;29,45
30;54;337.803;-118.221;29,64
30;55;337.803;-118.189;31,16
30;56;337.803;-118.157;30,89
30;57;337.803;-118.124;29,95
30;58;337.803;-118.092;26,79
30;59;337.803;-118.059;26,38
30;60;337.803;-118.027;27,20
30;61;337.803;-117.994;27,87
30;62;337.803;-117.962;28,37
30;63;337.803;-117.929;28,96
30;64;337.803;-117.897;29,44
30;65;337.803;-117.864;29,99
30;66;337.803;-117.832;30,60
30;67;337.803;-117.799;31,32
30;68;337.803;-117.767;32,53
30;69;337.803;-117.735;34,20
30;70;337.803;-117.702;36,51
30;71;337.803;-117,67;38,23
30;72;337.803;-117.637;40,43
30;73;337.803;-117.605;42,11
30;74;337.803;-117.572;42,63
30;75;337.803;-117,54;41,92
30;76;337.803;-117.507;40,67
30;77;337.803;-117.475;39,40
30;78;337.803;-117.442;38,06
30;79;337.803;-117,41;36,99
30;80;337.803;-117.378;35,68
30;81;337.803;-117.345;34,52
30;82;337.803;-117.313;33,47
30;83;337.803;-117,28;32,28
30;84;337.803;-117.248;30,42
30;85;337.803;-117.215;27,96
30;86;337.803;-117.183;26,43
30;87;337.803;-117,15;26,31
30;88;337.803;-117.118;26,70
30;89;337.803;-117.085;26,87
30;90;337.803;-117.053;24,62
30;91;337.803;-117,02;23,68
30;92;337.803;-116.988;24,14
30;93;337.803;-116.956;24,80
30;94;337.803;-116.923;25,86
30;95;337.803;-116.891;27,85
30;96;337.803;-116.858;31,02
30;97;337.803;-116.826;35,49
30;98;337.803;-116.793;39,40
30;99;337.803;-116.761;44,07
31;1;338.073;-119.942;63,14
31;2;338.073;-119.909;66,83
31;3;338.073;-119.877;67,43
31;4;338.073;-119.844;67,21
31;5;338.073;-119.812;65,13
31;6;338.073;-119,78;63,63
31;7;338.073;-119.747;61,91
31;8;338.073;-119.715;58,26
31;9;338.073;-119.682;54,02
31;10;338.073;-119,65;52,02
31;11;338.073;-119.617;47,87
31;12;338.073;-119.585;47,94
31;13;338.073;-119.552;46,28
31;14;338.073;-119,52;47,88
31;15;338.073;-119.487;51,15
31;16;338.073;-119.455;54,14
31;17;338.073;-119.422;55,83
31;18;338.073;-119,39;58,22
31;19;338.073;-119.358;54,00
31;20;338.073;-119.325;51,11
31;21;338.073;-119.293;50,36
31;22;338.073;-119,26;48,09
31;23;338.073;-119.228;46,67
31;24;338.073;-119.195;46,27
31;25;338.073;-119.163;45,90
31;26;338.073;-119,13;45,47
31;27;338.073;-119.098;45,77
31;28;338.073;-119.065;45,10
31;29;338.073;-119.033;44,58
31;30;338.073;-119;44,14
31;31;338.073;-118.968;43,81
31;32;338.073;-118.936;43,27
31;33;338.073;-118.903;42,54
31;34;338.073;-118.871;42,23
31;35;338.073;-118.838;43,63
31;36;338.073;-118.806;45,69
31;37;338.073;-118.773;49,27
31;38;338.073;-118.741;52,44
31;39;338.073;-118.708;56,15
31;40;338.073;-118.676;59,83
31;41;338.073;-118.643;63,58
31;42;338.073;-118.611;65,07
31;43;338.073;-118.579;65,39
31;44;338.073;-118.546;65,96
31;45;338.073;-118.514;65,58
31;46;338.073;-118.481;66,90
31;47;338.073;-118.449;60,42
31;48;338.073;-118.416;71,19
31;49;338.073;-118.384;50,87
31;50;338.073;-118.351;38,53
31;51;338.073;-118.319;33,46
31;52;338.073;-118.286;29,97
31;53;338.073;-118.254;29,29
31;54;338.073;-118.221;29,11
31;55;338.073;-118.189;28,42
31;56;338.073;-118.157;28,51
31;57;338.073;-118.124;28,28
31;58;338.073;-118.092;26,96
31;59;338.073;-118.059;26,08
31;60;338.073;-118.027;26,86
31;61;338.073;-117.994;27,53
31;62;338.073;-117.962;28,08
31;63;338.073;-117.929;28,71
31;64;338.073;-117.897;29,29
31;65;338.073;-117.864;30,00
31;66;338.073;-117.832;30,76
31;67;338.073;-117.799;31,63
31;68;338.073;-117.767;32,89
31;69;338.073;-117.735;34,53
31;70;338.073;-117.702;36,40
31;71;338.073;-117,67;38,18
31;72;338.073;-117.637;39,61
31;73;338.073;-117.605;40,44
31;74;338.073;-117.572;40,55
31;75;338.073;-117,54;39,97
31;76;338.073;-117.507;38,79
31;77;338.073;-117.475;37,79
31;78;338.073;-117.442;36,90
31;79;338.073;-117,41;36,31
31;80;338.073;-117.378;35,44
31;81;338.073;-117.345;34,50
31;82;338.073;-117.313;33,49
31;83;338.073;-117,28;32,24
31;84;338.073;-117.248;29,52
31;85;338.073;-117.215;26,06
31;86;338.073;-117.183;24,91
31;87;338.073;-117,15;25,36
31;88;338.073;-117.118;25,90
31;89;338.073;-117.085;26,32
31;90;338.073;-117.053;24,32
31;91;338.073;-117,02;23,76
31;92;338.073;-116.988;24,48
31;93;338.073;-116.956;25,18
31;94;338.073;-116.923;26,25
31;95;338.073;-116.891;28,55
31;96;338.073;-116.858;31,96
31;97;338.073;-116.826;36,17
31;98;338.073;-116.793;40,28
31;99;338.073;-116.761;45,09
32;1;338.343;-119.942;62,96
32;2;338.343;-119.909;66,95
32;3;338.343;-119.877;67,21
32;4;338.343;-119.844;65,96
32;5;338.343;-119.812;63,19
32;6;338.343;-119,78;60,70
32;7;338.343;-119.747;57,67
32;8;338.343;-119.715;53,23
32;9;338.343;-119.682;49,87
32;10;338.343;-119,65;49,98
32;11;338.343;-119.617;48,37
32;12;338.343;-119.585;46,28
32;13;338.343;-119.552;45,06
32;14;338.343;-119,52;46,43
32;15;338.343;-119.487;49,86
32;16;338.343;-119.455;53,84
32;17;338.343;-119.422;54,98
32;18;338.343;-119,39;58,42
32;19;338.343;-119.358;54,40
32;20;338.343;-119.325;51,52
32;21;338.343;-119.293;50,15
32;22;338.343;-119,26;47,33
32;23;338.343;-119.228;45,03
32;24;338.343;-119.195;45,53
32;25;338.343;-119.163;45,39
32;26;338.343;-119,13;45,46
32;27;338.343;-119.098;45,66
32;28;338.343;-119.065;44,82
32;29;338.343;-119.033;44,42
32;30;338.343;-119;44,16
32;31;338.343;-118.968;44,06
32;32;338.343;-118.936;43,88
32;33;338.343;-118.903;43,40
32;34;338.343;-118.871;42,79
32;35;338.343;-118.838;42,52
32;36;338.343;-118.806;43,52
32;37;338.343;-118.773;45,51
32;38;338.343;-118.741;49,12
32;39;338.343;-118.708;53,52
32;40;338.343;-118.676;57,92
32;41;338.343;-118.643;62,21
32;42;338.343;-118.611;65,92
32;43;338.343;-118.579;67,18
32;44;338.343;-118.546;67,62
32;45;338.343;-118.514;65,93
32;46;338.343;-118.481;64,95
32;47;338.343;-118.449;58,08
32;48;338.343;-118.416;67,18
32;49;338.343;-118.384;49,98
32;50;338.343;-118.351;40,08
32;51;338.343;-118.319;35,08
32;52;338.343;-118.286;30,90
32;53;338.343;-118.254;29,32
32;54;338.343;-118.221;29,46
32;55;338.343;-118.189;28,90
32;56;338.343;-118.157;28,66
32;57;338.343;-118.124;28,12
32;58;338.343;-118.092;26,72
32;59;338.343;-118.059;25,97
32;60;338.343;-118.027;26,62
32;61;338.343;-117.994;27,34
32;62;338.343;-117.962;27,94
32;63;338.343;-117.929;28,62
32;64;338.343;-117.897;29,28
32;65;338.343;-117.864;30,04
32;66;338.343;-117.832;30,93
32;67;338.343;-117.799;31,88
32;68;338.343;-117.767;33,11
32;69;338.343;-117.735;34,53
32;70;338.343;-117.702;36,24
32;71;338.343;-117,67;37,45
32;72;338.343;-117.637;38,36
32;73;338.343;-117.605;38,75
32;74;338.343;-117.572;38,67
32;75;338.343;-117,54;38,14
32;76;338.343;-117.507;37,10
32;77;338.343;-117.475;36,40
32;78;338.343;-117.442;35,86
32;79;338.343;-117,41;35,68
32;80;338.343;-117.378;35,07
32;81;338.343;-117.345;34,45
32;82;338.343;-117.313;33,56
32;83;338.343;-117,28;31,97
32;84;338.343;-117.248;28,25
32;85;338.343;-117.215;25,39
32;86;338.343;-117.183;24,56
32;87;338.343;-117,15;24,85
32;88;338.343;-117.118;25,33
32;89;338.343;-117.085;25,90
32;90;338.343;-117.053;24,17
32;91;338.343;-117,02;23,83
32;92;338.343;-116.988;24,63
32;93;338.343;-116.956;25,27
32;94;338.343;-116.923;26,31
32;95;338.343;-116.891;28,46
32;96;338.343;-116.858;31,67
32;97;338.343;-116.826;36,22
32;98;338.343;-116.793;40,14
32;99;338.343;-116.761;43,25
33;1;338.612;-119.942;64,29
33;2;338.612;-119.909;68,52
33;3;338.612;-119.877;68,38
33;4;338.612;-119.844;65,25
33;5;338.612;-119.812;61,11
33;6;338.612;-119,78;56,72
33;7;338.612;-119.747;52,65
33;8;338.612;-119.715;49,03
33;9;338.612;-119.682;47,37
33;10;338.612;-119,65;48,15
33;11;338.612;-119.617;44,89
33;12;338.612;-119.585;44,84
33;13;338.612;-119.552;43,65
33;14;338.612;-119,52;46,01
33;15;338.612;-119.487;48,88
33;16;338.612;-119.455;53,40
33;17;338.612;-119.422;54,81
33;18;338.612;-119,39;59,33
33;19;338.612;-119.358;55,72
33;20;338.612;-119.325;51,81
33;21;338.612;-119.293;51,00
33;22;338.612;-119,26;46,35
33;23;338.612;-119.228;43,37
33;24;338.612;-119.195;44,60
33;25;338.612;-119.163;44,27
33;26;338.612;-119,13;44,81
33;27;338.612;-119.098;44,82
33;28;338.612;-119.065;44,41
33;29;338.612;-119.033;44,01
33;30;338.612;-119;43,78
33;31;338.612;-118.968;43,78
33;32;338.612;-118.936;43,81
33;33;338.612;-118.903;43,68
33;34;338.612;-118.871;43,48
33;35;338.612;-118.838;43,31
33;36;338.612;-118.806;43,29
33;37;338.612;-118.773;44,31
33;38;338.612;-118.741;46,28
33;39;338.612;-118.708;49,59
33;40;338.612;-118.676;54,47
33;41;338.612;-118.643;60,62
33;42;338.612;-118.611;66,46
33;43;338.612;-118.579;69,13
33;44;338.612;-118.546;68,13
33;45;338.612;-118.514;66,06
33;46;338.612;-118.481;63,91
33;47;338.612;-118.449;56,90
33;48;338.612;-118.416;63,15
33;49;338.612;-118.384;47,88
33;50;338.612;-118.351;40,98
33;51;338.612;-118.319;36,63
33;52;338.612;-118.286;32,49
33;53;338.612;-118.254;29,44
33;54;338.612;-118.221;29,59
33;55;338.612;-118.189;29,05
33;56;338.612;-118.157;28,54
33;57;338.612;-118.124;27,87
33;58;338.612;-118.092;26,80
33;59;338.612;-118.059;26,13
33;60;338.612;-118.027;26,49
33;61;338.612;-117.994;27,26
33;62;338.612;-117.962;27,95
33;63;338.612;-117.929;28,66
33;64;338.612;-117.897;29,36
33;65;338.612;-117.864;30,18
33;66;338.612;-117.832;31,12
33;67;338.612;-117.799;32,16
33;68;338.612;-117.767;33,22
33;69;338.612;-117.735;34,31
33;70;338.612;-117.702;35,54
33;71;338.612;-117,67;36,30
33;72;338.612;-117.637;36,72
33;73;338.612;-117.605;36,77
33;74;338.612;-117.572;36,64
33;75;338.612;-117,54;36,30
33;76;338.612;-117.507;35,62
33;77;338.612;-117.475;35,18
33;78;338.612;-117.442;34,90
33;79;338.612;-117,41;35,06
33;80;338.612;-117.378;34,74
33;81;338.612;-117.345;34,34
33;82;338.612;-117.313;33,44
33;83;338.612;-117,28;31,34
33;84;338.612;-117.248;27,56
33;85;338.612;-117.215;26,18
33;86;338.612;-117.183;25,16
33;87;338.612;-117,15;24,71
33;88;338.612;-117.118;25,03
33;89;338.612;-117.085;25,87
33;90;338.612;-117.053;24,54
33;91;338.612;-117,02;24,02
33;92;338.612;-116.988;24,73
33;93;338.612;-116.956;25,26
33;94;338.612;-116.923;26,25
33;95;338.612;-116.891;28,05
33;96;338.612;-116.858;30,64
33;97;338.612;-116.826;34,28
33;98;338.612;-116.793;37,57
33;99;338.612;-116.761;40,11
34;1;338.882;-119.942;67,41
34;2;338.882;-119.909;71,39
34;3;338.882;-119.877;70,71
34;4;338.882;-119.844;64,80
34;5;338.882;-119.812;58,63
34;6;338.882;-119,78;53,03
34;7;338.882;-119.747;48,91
34;8;338.882;-119.715;46,68
34;9;338.882;-119.682;44,97
34;10;338.882;-119,65;46,79
34;11;338.882;-119.617;43,23
34;12;338.882;-119.585;43,41
34;13;338.882;-119.552;42,48
34;14;338.882;-119,52;46,62
34;15;338.882;-119.487;48,16
34;16;338.882;-119.455;54,16
34;17;338.882;-119.422;55,13
34;18;338.882;-119,39;59,81
34;19;338.882;-119.358;56,94
34;20;338.882;-119.325;53,55
34;21;338.882;-119.293;51,01
34;22;338.882;-119,26;46,34
34;23;338.882;-119.228;42,54
34;24;338.882;-119.195;43,82
34;25;338.882;-119.163;42,48
34;26;338.882;-119,13;40,86
34;27;338.882;-119.098;40,02
34;28;338.882;-119.065;40,22
34;29;338.882;-119.033;40,38
34;30;338.882;-119;40,34
34;31;338.882;-118.968;40,40
34;32;338.882;-118.936;40,58
34;33;338.882;-118.903;40,67
34;34;338.882;-118.871;40,67
34;35;338.882;-118.838;40,76
34;36;338.882;-118.806;41,03
34;37;338.882;-118.773;41,28
34;38;338.882;-118.741;41,95
34;39;338.882;-118.708;43,47
34;40;338.882;-118.676;46,17
34;41;338.882;-118.643;50,39
34;42;338.882;-118.611;55,82
34;43;338.882;-118.579;63,93
34;44;338.882;-118.546;68,72
34;45;338.882;-118.514;68,48
34;46;338.882;-118.481;66,37
34;47;338.882;-118.449;58,72
34;48;338.882;-118.416;63,37
34;49;338.882;-118.384;46,76
34;50;338.882;-118.351;41,22
34;51;338.882;-118.319;37,56
34;52;338.882;-118.286;34,31
34;53;338.882;-118.254;29,98
34;54;338.882;-118.221;29,63
34;55;338.882;-118.189;29,49
34;56;338.882;-118.157;28,88
34;57;338.882;-118.124;28,48
34;58;338.882;-118.092;27,70
34;59;338.882;-118.059;26,93
34;60;338.882;-118.027;26,68
34;61;338.882;-117.994;27,30
34;62;338.882;-117.962;28,15
34;63;338.882;-117.929;28,92
34;64;338.882;-117.897;29,63
34;65;338.882;-117.864;30,46
34;66;338.882;-117.832;31,36
34;67;338.882;-117.799;32,33
34;68;338.882;-117.767;33,20
34;69;338.882;-117.735;33,88
34;70;338.882;-117.702;34,51
34;71;338.882;-117,67;34,91
34;72;338.882;-117.637;34,95
34;73;338.882;-117.605;34,75
34;74;338.882;-117.572;34,68
34;75;338.882;-117,54;34,56
34;76;338.882;-117.507;34,34
34;77;338.882;-117.475;34,21
34;78;338.882;-117.442;34,14
34;79;338.882;-117,41;34,41
34;80;338.882;-117.378;34,23
34;81;338.882;-117.345;33,96
34;82;338.882;-117.313;32,96
34;83;338.882;-117,28;30,54
34;84;338.882;-117.248;27,57
34;85;338.882;-117.215;27,02
34;86;338.882;-117.183;26,33
34;87;338.882;-117,15;25,45
34;88;338.882;-117.118;25,25
34;89;338.882;-117.085;25,75
34;90;338.882;-117.053;25,29
34;91;338.882;-117,02;24,03
34;92;338.882;-116.988;24,43
34;93;338.882;-116.956;24,96
34;94;338.882;-116.923;25,76
34;95;338.882;-116.891;27,10
34;96;338.882;-116.858;29,07
34;97;338.882;-116.826;31,03
34;98;338.882;-116.793;33,45
34;99;338.882;-116.761;35,57
35;1;339.151;-119.942;70,05
35;2;339.151;-119.909;73,43
35;3;339.151;-119.877;71,83
35;4;339.151;-119.844;62,39
35;5;339.151;-119.812;54,03
35;6;339.151;-119,78;47,72
35;7;339.151;-119.747;43,36
35;8;339.151;-119.715;40,13
35;9;339.151;-119.682;41,88
35;10;339.151;-119,65;38,96
35;11;339.151;-119.617;39,31
35;12;339.151;-119.585;41,17
35;13;339.151;-119.552;41,31
35;14;339.151;-119,52;43,94
35;15;339.151;-119.487;46,98
35;16;339.151;-119.455;50,80
35;17;339.151;-119.422;54,90
35;18;339.151;-119,39;58,32
35;19;339.151;-119.358;57,29
35;20;339.151;-119.325;53,36
35;21;339.151;-119.293;51,80
35;22;339.151;-119,26;44,94
35;23;339.151;-119.228;41,72
35;24;339.151;-119.195;42,12
35;25;339.151;-119.163;39,65
35;26;339.151;-119,13;37,35
35;27;339.151;-119.098;36,15
35;28;339.151;-119.065;36,10
35;29;339.151;-119.033;35,97
35;30;339.151;-119;35,89
35;31;339.151;-118.968;35,91
35;32;339.151;-118.936;36,15
35;33;339.151;-118.903;36,37
35;34;339.151;-118.871;36,37
35;35;339.151;-118.838;36,40
35;36;339.151;-118.806;36,77
35;37;339.151;-118.773;37,00
35;38;339.151;-118.741;37,18
35;39;339.151;-118.708;37,49
35;40;339.151;-118.676;38,20
35;41;339.151;-118.643;40,07
35;42;339.151;-118.611;43,97
35;43;339.151;-118.579;50,51
35;44;339.151;-118.546;58,96
35;45;339.151;-118.514;66,94
35;46;339.151;-118.481;66,55
35;47;339.151;-118.449;58,15
35;48;339.151;-118.416;61,54
35;49;339.151;-118.384;45,53
35;50;339.151;-118.351;41,11
35;51;339.151;-118.319;37,85
35;52;339.151;-118.286;35,59
35;53;339.151;-118.254;30,59
35;54;339.151;-118.221;29,42
35;55;339.151;-118.189;29,74
35;56;339.151;-118.157;29,12
35;57;339.151;-118.124;29,08
35;58;339.151;-118.092;28,77
35;59;339.151;-118.059;28,23
35;60;339.151;-118.027;27,51
35;61;339.151;-117.994;27,46
35;62;339.151;-117.962;28,22
35;63;339.151;-117.929;29,08
35;64;339.151;-117.897;29,84
35;65;339.151;-117.864;30,59
35;66;339.151;-117.832;31,39
35;67;339.151;-117.799;32,27
35;68;339.151;-117.767;32,97
35;69;339.151;-117.735;33,32
35;70;339.151;-117.702;33,63
35;71;339.151;-117,67;33,84
35;72;339.151;-117.637;33,73
35;73;339.151;-117.605;33,50
35;74;339.151;-117.572;33,42
35;75;339.151;-117,54;33,47
35;76;339.151;-117.507;33,56
35;77;339.151;-117.475;33,63
35;78;339.151;-117.442;33,67
35;79;339.151;-117,41;33,88
35;80;339.151;-117.378;33,79
35;81;339.151;-117.345;33,48
35;82;339.151;-117.313;32,35
35;83;339.151;-117,28;29,85
35;84;339.151;-117.248;27,78
35;85;339.151;-117.215;27,51
35;86;339.151;-117.183;27,47
35;87;339.151;-117,15;26,89
35;88;339.151;-117.118;26,01
35;89;339.151;-117.085;25,71
35;90;339.151;-117.053;26,05
35;91;339.151;-117,02;24,98
35;92;339.151;-116.988;24,35
35;93;339.151;-116.956;24,52
35;94;339.151;-116.923;25,48
35;95;339.151;-116.891;26,98
35;96;339.151;-116.858;28,37
35;97;339.151;-116.826;30,12
35;98;339.151;-116.793;31,96
35;99;339.151;-116.761;33,72
36;1;339.421;-119.942;72,49
36;2;339.421;-119.909;74,85
36;3;339.421;-119.877;71,45
36;4;339.421;-119.844;57,64
36;5;339.421;-119.812;43,22
36;6;339.421;-119,78;34,11
36;7;339.421;-119.747;32,97
36;8;339.421;-119.715;32,08
36;9;339.421;-119.682;33,07
36;10;339.421;-119,65;37,07
36;11;339.421;-119.617;35,44
36;12;339.421;-119.585;41,83
36;13;339.421;-119.552;40,13
36;14;339.421;-119,52;45,59
36;15;339.421;-119.487;45,53
36;16;339.421;-119.455;53,14
36;17;339.421;-119.422;54,27
36;18;339.421;-119,39;59,75
36;19;339.421;-119.358;57,81
36;20;339.421;-119.325;53,80
36;21;339.421;-119.293;51,19
36;22;339.421;-119,26;42,48
36;23;339.421;-119.228;40,18
36;24;339.421;-119.195;39,66
36;25;339.421;-119.163;37,86
36;26;339.421;-119,13;36,76
36;27;339.421;-119.098;35,51
36;28;339.421;-119.065;34,52
36;29;339.421;-119.033;33,97
36;30;339.421;-119;33,84
36;31;339.421;-118.968;33,86
36;32;339.421;-118.936;33,92
36;33;339.421;-118.903;34,05
36;34;339.421;-118.871;34,14
36;35;339.421;-118.838;34,22
36;36;339.421;-118.806;34,57
36;37;339.421;-118.773;34,73
36;38;339.421;-118.741;34,82
36;39;339.421;-118.708;34,86
36;40;339.421;-118.676;34,75
36;41;339.421;-118.643;34,78
36;42;339.421;-118.611;35,48
36;43;339.421;-118.579;37,49
36;44;339.421;-118.546;40,93
36;45;339.421;-118.514;47,07
36;46;339.421;-118.481;58,49
36;47;339.421;-118.449;63,17
36;48;339.421;-118.416;71,74
36;49;339.421;-118.384;49,57
36;50;339.421;-118.351;41,14
36;51;339.421;-118.319;37,24
36;52;339.421;-118.286;35,71
36;53;339.421;-118.254;30,77
36;54;339.421;-118.221;29,14
36;55;339.421;-118.189;29,71
36;56;339.421;-118.157;29,06
36;57;339.421;-118.124;29,08
36;58;339.421;-118.092;29,09
36;59;339.421;-118.059;29,11
36;60;339.421;-118.027;28,80
36;61;339.421;-117.994;28,24
36;62;339.421;-117.962;28,38
36;63;339.421;-117.929;29,19
36;64;339.421;-117.897;30,00
36;65;339.421;-117.864;30,63
36;66;339.421;-117.832;31,27
36;67;339.421;-117.799;31,96
36;68;339.421;-117.767;32,53
36;69;339.421;-117.735;32,75
36;70;339.421;-117.702;32,91
36;71;339.421;-117,67;33,05
36;72;339.421;-117.637;32,93
36;73;339.421;-117.605;32,80
36;74;339.421;-117.572;32,76
36;75;339.421;-117,54;32,91
36;76;339.421;-117.507;33,07
36;77;339.421;-117.475;33,28
36;78;339.421;-117.442;33,40
36;79;339.421;-117,41;33,46
36;80;339.421;-117.378;33,38
36;81;339.421;-117.345;33,01
36;82;339.421;-117.313;31,76
36;83;339.421;-117,28;29,55
36;84;339.421;-117.248;28,18
36;85;339.421;-117.215;27,84
36;86;339.421;-117.183;27,91
36;87;339.421;-117,15;28,25
36;88;339.421;-117.118;27,60
36;89;339.421;-117.085;26,85
36;90;339.421;-117.053;26,31
36;91;339.421;-117,02;26,35
36;92;339.421;-116.988;26,42
36;93;339.421;-116.956;26,01
36;94;339.421;-116.923;26,56
36;95;339.421;-116.891;28,01
36;96;339.421;-116.858;29,33
36;97;339.421;-116.826;30,52
36;98;339.421;-116.793;32,13
36;99;339.421;-116.761;33,69
37;1;33.969;-119.942;74,02
37;2;33.969;-119.909;75,72
37;3;33.969;-119.877;69,39
37;4;33.969;-119.844;48,07
37;5;33.969;-119.812;31,50
37;6;33.969;-119,78;30,14
37;7;33.969;-119.747;30,26
37;8;33.969;-119.715;30,45
37;9;33.969;-119.682;31,22
37;10;33.969;-119,65;33,84
37;11;33.969;-119.617;35,01
37;12;33.969;-119.585;37,94
37;13;33.969;-119.552;38,35
37;14;33.969;-119,52;42,81
37;15;33.969;-119.487;44,83
37;16;33.969;-119.455;49,91
37;17;33.969;-119.422;54,13
37;18;33.969;-119,39;56,94
37;19;33.969;-119.358;57,39
37;20;33.969;-119.325;53,77
37;21;33.969;-119.293;49,89
37;22;33.969;-119,26;39,47
37;23;33.969;-119.228;38,54
37;24;33.969;-119.195;38,73
37;25;33.969;-119.163;37,85
37;26;33.969;-119,13;36,42
37;27;33.969;-119.098;34,88
37;28;33.969;-119.065;33,36
37;29;33.969;-119.033;32,53
37;30;33.969;-119;32,29
37;31;33.969;-118.968;32,39
37;32;33.969;-118.936;32,51
37;33;33.969;-118.903;32,61
37;34;33.969;-118.871;32,82
37;35;33.969;-118.838;32,98
37;36;33.969;-118.806;33,20
37;37;33.969;-118.773;33,38
37;38;33.969;-118.741;33,48
37;39;33.969;-118.708;33,66
37;40;33.969;-118.676;33,83
37;41;33.969;-118.643;33,78
37;42;33.969;-118.611;33,64
37;43;33.969;-118.579;33,38
37;44;33.969;-118.546;33,13
37;45;33.969;-118.514;31,70
37;46;33.969;-118.481;30,87
37;47;33.969;-118.449;34,89
37;48;33.969;-118.416;38,80
37;49;33.969;-118.384;37,81
37;50;33.969;-118.351;36,28
37;51;33.969;-118.319;35,23
37;52;33.969;-118.286;34,86
37;53;33.969;-118.254;30,29
37;54;33.969;-118.221;28,89
37;55;33.969;-118.189;29,29
37;56;33.969;-118.157;28,83
37;57;33.969;-118.124;28,88
37;58;33.969;-118.092;28,99
37;59;33.969;-118.059;29,28
37;60;33.969;-118.027;29,48
37;61;33.969;-117.994;29,42
37;62;33.969;-117.962;29,07
37;63;33.969;-117.929;29,29
37;64;33.969;-117.897;30,02
37;65;33.969;-117.864;30,60
37;66;33.969;-117.832;31,10
37;67;33.969;-117.799;31,65
37;68;33.969;-117.767;32,06
37;69;33.969;-117.735;32,30
37;70;33.969;-117.702;32,38
37;71;33.969;-117,67;32,59
37;72;33.969;-117.637;32,70
37;73;33.969;-117.605;32,92
37;74;33.969;-117.572;32,75
37;75;33.969;-117,54;32,89
37;76;33.969;-117.507;32,95
37;77;33.969;-117.475;33,24
37;78;33.969;-117.442;33,37
37;79;33.969;-117,41;33,30
37;80;33.969;-117.378;33,19
37;81;33.969;-117.345;32,78
37;82;33.969;-117.313;31,65
37;83;33.969;-117,28;29,86
37;84;33.969;-117.248;28,90
37;85;33.969;-117.215;28,21
37;86;33.969;-117.183;27,99
37;87;33.969;-117,15;28,73
37;88;33.969;-117.118;28,95
37;89;33.969;-117.085;28,66
37;90;33.969;-117.053;27,97
37;91;33.969;-117,02;27,62
37;92;33.969;-116.988;27,69
37;93;33.969;-116.956;28,27
37;94;33.969;-116.923;29,27
37;95;33.969;-116.891;30,76
37;96;33.969;-116.858;31,99
37;97;33.969;-116.826;33,04
37;98;33.969;-116.793;34,69
37;99;33.969;-116.761;35,40
38;1;339.959;-119.942;76,16
38;2;339.959;-119.909;77,07
38;3;339.959;-119.877;70,15
38;4;339.959;-119.844;49,18
38;5;339.959;-119.812;34,61
38;6;339.959;-119,78;31,07
38;7;339.959;-119.747;30,88
38;8;339.959;-119.715;30,90
38;9;339.959;-119.682;31,27
38;10;339.959;-119,65;34,02
38;11;339.959;-119.617;36,67
38;12;339.959;-119.585;36,31
38;13;339.959;-119.552;41,73
38;14;339.959;-119,52;41,27
38;15;339.959;-119.487;48,19
38;16;339.959;-119.455;48,61
38;17;339.959;-119.422;55,44
38;18;339.959;-119,39;57,01
38;19;339.959;-119.358;56,85
38;20;339.959;-119.325;53,34
38;21;339.959;-119.293;47,23
38;22;339.959;-119,26;36,42
38;23;339.959;-119.228;36,76
38;24;339.959;-119.195;36,48
38;25;339.959;-119.163;36,34
38;26;339.959;-119,13;35,62
38;27;339.959;-119.098;34,31
38;28;339.959;-119.065;32,53
38;29;339.959;-119.033;31,18
38;30;339.959;-119;30,53
38;31;339.959;-118.968;30,64
38;32;339.959;-118.936;31,05
38;33;339.959;-118.903;31,27
38;34;339.959;-118.871;31,61
38;35;339.959;-118.838;31,87
38;36;339.959;-118.806;32,05
38;37;339.959;-118.773;32,05
38;38;339.959;-118.741;32,07
38;39;339.959;-118.708;32,20
38;40;339.959;-118.676;32,24
38;41;339.959;-118.643;32,34
38;42;339.959;-118.611;32,44
38;43;339.959;-118.579;32,55
38;44;339.959;-118.546;32,76
38;45;339.959;-118.514;31,78
38;46;339.959;-118.481;28,15
38;47;339.959;-118.449;28,28
38;48;339.959;-118.416;29,29
38;49;339.959;-118.384;30,58
38;50;339.959;-118.351;32,00
38;51;339.959;-118.319;33,67
38;52;339.959;-118.286;33,73
38;53;339.959;-118.254;29,53
38;54;339.959;-118.221;28,65
38;55;339.959;-118.189;28,96
38;56;339.959;-118.157;28,57
38;57;339.959;-118.124;28,65
38;58;339.959;-118.092;28,68
38;59;339.959;-118.059;28,89
38;60;339.959;-118.027;29,28
38;61;339.959;-117.994;29,67
38;62;339.959;-117.962;29,87
38;63;339.959;-117.929;29,71
38;64;339.959;-117.897;30,06
38;65;339.959;-117.864;30,58
38;66;339.959;-117.832;31,01
38;67;339.959;-117.799;31,52
38;68;339.959;-117.767;31,89
38;69;339.959;-117.735;32,16
38;70;339.959;-117.702;32,15
38;71;339.959;-117,67;32,31
38;72;339.959;-117.637;32,40
38;73;339.959;-117.605;32,84
38;74;339.959;-117.572;32,51
38;75;339.959;-117,54;32,64
38;76;339.959;-117.507;32,78
38;77;339.959;-117.475;33,14
38;78;339.959;-117.442;33,34
38;79;339.959;-117,41;33,23
38;80;339.959;-117.378;33,04
38;81;339.959;-117.345;32,55
38;82;339.959;-117.313;31,48
38;83;339.959;-117,28;30,02
38;84;339.959;-117.248;29,17
38;85;339.959;-117.215;28,28
38;86;339.959;-117.183;28,01
38;87;339.959;-117,15;28,75
38;88;339.959;-117.118;29,46
38;89;339.959;-117.085;30,08
38;90;339.959;-117.053;29,93
38;91;339.959;-117,02;29,69
38;92;339.959;-116.988;30,11
38;93;339.959;-116.956;31,14
38;94;339.959;-116.923;32,87
38;95;339.959;-116.891;35,03
38;96;339.959;-116.858;36,67
38;97;339.959;-116.826;37,92
38;98;339.959;-116.793;39,50
38;99;339.959;-116.761;39,27
39;1;340.228;-119.942;78,21
39;2;340.228;-119.909;78,47
39;3;340.228;-119.877;71,83
39;4;340.228;-119.844;54,18
39;5;340.228;-119.812;37,65
39;6;340.228;-119,78;32,07
39;7;340.228;-119.747;31,50
39;8;340.228;-119.715;31,70
39;9;340.228;-119.682;32,12
39;10;340.228;-119,65;36,07
39;11;340.228;-119.617;36,29
39;12;340.228;-119.585;39,74
39;13;340.228;-119.552;38,49
39;14;340.228;-119,52;44,68
39;15;340.228;-119.487;45,07
39;16;340.228;-119.455;52,11
39;17;340.228;-119.422;52,81
39;18;340.228;-119,39;57,97
39;19;340.228;-119.358;55,80
39;20;340.228;-119.325;53,23
39;21;340.228;-119.293;43,02
39;22;340.228;-119,26;34,02
39;23;340.228;-119.228;34,77
39;24;340.228;-119.195;34,26
39;25;340.228;-119.163;34,52
39;26;340.228;-119,13;33,97
39;27;340.228;-119.098;33,40
39;28;340.228;-119.065;32,25
39;29;340.228;-119.033;30,77
39;30;340.228;-119;29,47
39;31;340.228;-118.968;29,13
39;32;340.228;-118.936;29,82
39;33;340.228;-118.903;30,20
39;34;340.228;-118.871;30,76
39;35;340.228;-118.838;31,10
39;36;340.228;-118.806;31,28
39;37;340.228;-118.773;31,24
39;38;340.228;-118.741;31,17
39;39;340.228;-118.708;31,32
39;40;340.228;-118.676;31,47
39;41;340.228;-118.643;31,50
39;42;340.228;-118.611;31,31
39;43;340.228;-118.579;30,78
39;44;340.228;-118.546;30,85
39;45;340.228;-118.514;30,54
39;46;340.228;-118.481;29,17
39;47;340.228;-118.449;29,10
39;48;340.228;-118.416;29,23
39;49;340.228;-118.384;30,15
39;50;340.228;-118.351;31,35
39;51;340.228;-118.319;32,98
39;52;340.228;-118.286;32,43
39;53;340.228;-118.254;29,02
39;54;340.228;-118.221;28,47
39;55;340.228;-118.189;28,58
39;56;340.228;-118.157;28,38
39;57;340.228;-118.124;28,30
39;58;340.228;-118.092;28,26
39;59;340.228;-118.059;28,40
39;60;340.228;-118.027;28,80
39;61;340.228;-117.994;29,32
39;62;340.228;-117.962;29,85
39;63;340.228;-117.929;30,26
39;64;340.228;-117.897;30,38
39;65;340.228;-117.864;30,69
39;66;340.228;-117.832;31,11
39;67;340.228;-117.799;31,57
39;68;340.228;-117.767;31,96
39;69;340.228;-117.735;32,28
39;70;340.228;-117.702;32,35
39;71;340.228;-117,67;32,64
39;72;340.228;-117.637;32,44
39;73;340.228;-117.605;32,72
39;74;340.228;-117.572;32,69
39;75;340.228;-117,54;32,69
39;76;340.228;-117.507;32,84
39;77;340.228;-117.475;33,20
39;78;340.228;-117.442;33,27
39;79;340.228;-117,41;33,08
39;80;340.228;-117.378;32,99
39;81;340.228;-117.345;32,27
39;82;340.228;-117.313;31,30
39;83;340.228;-117,28;30,12
39;84;340.228;-117.248;29,23
39;85;340.228;-117.215;28,21
39;86;340.228;-117.183;27,73
39;87;340.228;-117,15;28,51
39;88;340.228;-117.118;29,77
39;89;340.228;-117.085;31,30
39;90;340.228;-117.053;32,23
39;91;340.228;-117,02;32,84
39;92;340.228;-116.988;34,01
39;93;340.228;-116.956;35,85
39;94;340.228;-116.923;38,83
39;95;340.228;-116.891;41,98
39;96;340.228;-116.858;44,04
39;97;340.228;-116.826;45,59
39;98;340.228;-116.793;46,93
39;99;340.228;-116.761;45,73
40;1;340.497;-119.942;80,20
40;2;340.497;-119.909;80,24
40;3;340.497;-119.877;75,60
40;4;340.497;-119.844;64,26
40;5;340.497;-119.812;54,77
40;6;340.497;-119,78;47,69
40;7;340.497;-119.747;42,71
40;8;340.497;-119.715;40,26
40;9;340.497;-119.682;39,31
40;10;340.497;-119,65;39,09
40;11;340.497;-119.617;40,43
40;12;340.497;-119.585;39,39
40;13;340.497;-119.552;44,22
40;14;340.497;-119,52;42,16
40;15;340.497;-119.487;48,56
40;16;340.497;-119.455;48,20
40;17;340.497;-119.422;55,74
40;18;340.497;-119,39;54,50
40;19;340.497;-119.358;56,37
40;20;340.497;-119.325;52,62
40;21;340.497;-119.293;38,55
40;22;340.497;-119,26;32,79
40;23;340.497;-119.228;32,80
40;24;340.497;-119.195;32,08
40;25;340.497;-119.163;32,47
40;26;340.497;-119,13;32,16
40;27;340.497;-119.098;32,31
40;28;340.497;-119.065;31,93
40;29;340.497;-119.033;30,98
40;30;340.497;-119;29,48
40;31;340.497;-118.968;28,09
40;32;340.497;-118.936;28,96
40;33;340.497;-118.903;29,44
40;34;340.497;-118.871;30,10
40;35;340.497;-118.838;30,52
40;36;340.497;-118.806;30,81
40;37;340.497;-118.773;30,82
40;38;340.497;-118.741;30,65
40;39;340.497;-118.708;30,73
40;40;340.497;-118.676;30,99
40;41;340.497;-118.643;31,12
40;42;340.497;-118.611;31,16
40;43;340.497;-118.579;30,39
40;44;340.497;-118.546;30,41
40;45;340.497;-118.514;30,02
40;46;340.497;-118.481;29,81
40;47;340.497;-118.449;29,31
40;48;340.497;-118.416;29,20
40;49;340.497;-118.384;29,80
40;50;340.497;-118.351;30,59
40;51;340.497;-118.319;31,57
40;52;340.497;-118.286;30,82
40;53;340.497;-118.254;28,61
40;54;340.497;-118.221;27,99
40;55;340.497;-118.189;27,87
40;56;340.497;-118.157;27,72
40;57;340.497;-118.124;27,58
40;58;340.497;-118.092;27,59
40;59;340.497;-118.059;27,83
40;60;340.497;-118.027;28,29
40;61;340.497;-117.994;28,87
40;62;340.497;-117.962;29,50
40;63;340.497;-117.929;30,15
40;64;340.497;-117.897;30,70
40;65;340.497;-117.864;30,99
40;66;340.497;-117.832;31,39
40;67;340.497;-117.799;31,80
40;68;340.497;-117.767;32,22
40;69;340.497;-117.735;32,55
40;70;340.497;-117.702;32,78
40;71;340.497;-117,67;32,85
40;72;340.497;-117.637;32,53
40;73;340.497;-117.605;32,53
40;74;340.497;-117.572;32,47
40;75;340.497;-117,54;32,58
40;76;340.497;-117.507;32,90
40;77;340.497;-117.475;33,36
40;78;340.497;-117.442;33,31
40;79;340.497;-117,41;32,85
40;80;340.497;-117.378;32,68
40;81;340.497;-117.345;31,96
40;82;340.497;-117.313;30,90
40;83;340.497;-117,28;29,94
40;84;340.497;-117.248;28,97
40;85;340.497;-117.215;27,98
40;86;340.497;-117.183;27,61
40;87;340.497;-117,15;28,55
40;88;340.497;-117.118;29,71
40;89;340.497;-117.085;31,94
40;90;340.497;-117.053;34,17
40;91;340.497;-117,02;36,52
40;92;340.497;-116.988;39,14
40;93;340.497;-116.956;42,40
40;94;340.497;-116.923;47,10
40;95;340.497;-116.891;51,66
40;96;340.497;-116.858;55,50
40;97;340.497;-116.826;57,40
40;98;340.497;-116.793;58,66
40;99;340.497;-116.761;56,97
41;1;340.766;-119.942;80,26
41;2;340.766;-119.909;80,14
41;3;340.766;-119.877;76,33
41;4;340.766;-119.844;68,72
41;5;340.766;-119.812;60,80
41;6;340.766;-119,78;54,27
41;7;340.766;-119.747;50,45
41;8;340.766;-119.715;46,59
41;9;340.766;-119.682;43,61
41;10;340.766;-119,65;42,76
41;11;340.766;-119.617;42,04
41;12;340.766;-119.585;44,69
41;13;340.766;-119.552;42,59
41;14;340.766;-119,52;46,82
41;15;340.766;-119.487;45,45
41;16;340.766;-119.455;51,17
41;17;340.766;-119.422;51,25
41;18;340.766;-119,39;55,28
41;19;340.766;-119.358;54,63
41;20;340.766;-119.325;49,66
41;21;340.766;-119.293;34,77
41;22;340.766;-119,26;32,57
41;23;340.766;-119.228;31,15
41;24;340.766;-119.195;29,89
41;25;340.766;-119.163;29,99
41;26;340.766;-119,13;29,84
41;27;340.766;-119.098;30,11
41;28;340.766;-119.065;30,64
41;29;340.766;-119.033;30,61
41;30;340.766;-119;29,92
41;31;340.766;-118.968;28,88
41;32;340.766;-118.936;29,67
41;33;340.766;-118.903;30,12
41;34;340.766;-118.871;30,75
41;35;340.766;-118.838;31,23
41;36;340.766;-118.806;31,52
41;37;340.766;-118.773;31,65
41;38;340.766;-118.741;31,63
41;39;340.766;-118.708;31,56
41;40;340.766;-118.676;31,72
41;41;340.766;-118.643;31,95
41;42;340.766;-118.611;32,05
41;43;340.766;-118.579;31,46
41;44;340.766;-118.546;31,52
41;45;340.766;-118.514;31,25
41;46;340.766;-118.481;30,67
41;47;340.766;-118.449;29,93
41;48;340.766;-118.416;29,18
41;49;340.766;-118.384;29,50
41;50;340.766;-118.351;30,08
41;51;340.766;-118.319;30,27
41;52;340.766;-118.286;29,67
41;53;340.766;-118.254;28,33
41;54;340.766;-118.221;27,72
41;55;340.766;-118.189;27,78
41;56;340.766;-118.157;27,85
41;57;340.766;-118.124;27,85
41;58;340.766;-118.092;27,84
41;59;340.766;-118.059;27,87
41;60;340.766;-118.027;28,14
41;61;340.766;-117.994;28,58
41;62;340.766;-117.962;29,18
41;63;340.766;-117.929;29,90
41;64;340.766;-117.897;30,71
41;65;340.766;-117.864;31,38
41;66;340.766;-117.832;31,82
41;67;340.766;-117.799;32,28
41;68;340.766;-117.767;32,68
41;69;340.766;-117.735;32,75
41;70;340.766;-117.702;32,94
41;71;340.766;-117,67;33,68
41;72;340.766;-117.637;33,58
41;73;340.766;-117.605;33,56
41;74;340.766;-117.572;33,50
41;75;340.766;-117,54;33,55
41;76;340.766;-117.507;33,72
41;77;340.766;-117.475;34,20
41;78;340.766;-117.442;34,03
41;79;340.766;-117,41;33,20
41;80;340.766;-117.378;32,31
41;81;340.766;-117.345;31,73
41;82;340.766;-117.313;31,10
41;83;340.766;-117,28;30,47
41;84;340.766;-117.248;29,69
41;85;340.766;-117.215;28,73
41;86;340.766;-117.183;28,26
41;87;340.766;-117,15;28,76
41;88;340.766;-117.118;30,20
41;89;340.766;-117.085;33,08
41;90;340.766;-117.053;36,35
41;91;340.766;-117,02;39,92
41;92;340.766;-116.988;43,96
41;93;340.766;-116.956;49,24
41;94;340.766;-116.923;55,00
41;95;340.766;-116.891;60,45
41;96;340.766;-116.858;66,20
41;97;340.766;-116.826;67,64
41;98;340.766;-116.793;68,80
41;99;340.766;-116.761;67,38
42;1;341.035;-119.942;77,41
42;2;341.035;-119.909;77,51
42;3;341.035;-119.877;75,47
42;4;341.035;-119.844;71,87
42;5;341.035;-119.812;66,30
42;6;341.035;-119,78;62,72
42;7;341.035;-119.747;61,40
42;8;341.035;-119.715;59,65
42;9;341.035;-119.682;54,74
42;10;341.035;-119,65;48,08
42;11;341.035;-119.617;47,03
42;12;341.035;-119.585;45,45
42;13;341.035;-119.552;48,24
42;14;341.035;-119,52;46,04
42;15;341.035;-119.487;50,30
42;16;341.035;-119.455;49,05
42;17;341.035;-119.422;54,06
42;18;341.035;-119,39;53,67
42;19;341.035;-119.358;56,87
42;20;341.035;-119.325;46,11
42;21;341.035;-119.293;31,50
42;22;341.035;-119,26;32,61
42;23;341.035;-119.228;30,31
42;24;341.035;-119.195;28,65
42;25;341.035;-119.163;27,81
42;26;341.035;-119,13;27,65
42;27;341.035;-119.098;27,58
42;28;341.035;-119.065;28,20
42;29;341.035;-119.033;29,09
42;30;341.035;-119;29,45
42;31;341.035;-118.968;29,20
42;32;341.035;-118.936;29,69
42;33;341.035;-118.903;29,90
42;34;341.035;-118.871;30,12
42;35;341.035;-118.838;30,69
42;36;341.035;-118.806;31,02
42;37;341.035;-118.773;31,34
42;38;341.035;-118.741;31,37
42;39;341.035;-118.708;31,34
42;40;341.035;-118.676;31,56
42;41;341.035;-118.643;31,81
42;42;341.035;-118.611;32,07
42;43;341.035;-118.579;31,80
42;44;341.035;-118.546;31,86
42;45;341.035;-118.514;31,73
42;46;341.035;-118.481;31,16
42;47;341.035;-118.449;30,19
42;48;341.035;-118.416;28,95
42;49;341.035;-118.384;28,67
42;50;341.035;-118.351;28,82
42;51;341.035;-118.319;28,77
42;52;341.035;-118.286;28,54
42;53;341.035;-118.254;28,41
42;54;341.035;-118.221;28,87
42;55;341.035;-118.189;29,18
42;56;341.035;-118.157;29,36
42;57;341.035;-118.124;29,34
42;58;341.035;-118.092;29,29
42;59;341.035;-118.059;29,22
42;60;341.035;-118.027;29,23
42;61;341.035;-117.994;29,35
42;62;341.035;-117.962;29,60
42;63;341.035;-117.929;30,07
42;64;341.035;-117.897;30,67
42;65;341.035;-117.864;31,39
42;66;341.035;-117.832;32,22
42;67;341.035;-117.799;32,91
42;68;341.035;-117.767;33,75
42;69;341.035;-117.735;33,31
42;70;341.035;-117.702;31,74
42;71;341.035;-117,67;34,11
42;72;341.035;-117.637;35,06
42;73;341.035;-117.605;35,24
42;74;341.035;-117.572;35,35
42;75;341.035;-117,54;35,21
42;76;341.035;-117.507;35,20
42;77;341.035;-117.475;35,55
42;78;341.035;-117.442;35,32
42;79;341.035;-117,41;34,20
42;80;341.035;-117.378;32,84
42;81;341.035;-117.345;32,11
42;82;341.035;-117.313;31,73
42;83;341.035;-117,28;31,41
42;84;341.035;-117.248;31,02
42;85;341.035;-117.215;30,54
42;86;341.035;-117.183;30,26
42;87;341.035;-117,15;30,57
42;88;341.035;-117.118;31,33
42;89;341.035;-117.085;34,28
42;90;341.035;-117.053;38,63
42;91;341.035;-117,02;43,83
42;92;341.035;-116.988;48,39
42;93;341.035;-116.956;54,92
42;94;341.035;-116.923;62,20
42;95;341.035;-116.891;68,89
42;96;341.035;-116.858;73,70
42;97;341.035;-116.826;75,59
42;98;341.035;-116.793;76,34
42;99;341.035;-116.761;76,19
43;1;341.303;-119.942;71,59
43;2;341.303;-119.909;72,23
43;3;341.303;-119.877;72,15
43;4;341.303;-119.844;71,98
43;5;341.303;-119.812;70,79
43;6;341.303;-119,78;70,85
43;7;341.303;-119.747;72,81
43;8;341.303;-119.715;72,33
43;9;341.303;-119.682;68,16
43;10;341.303;-119,65;61,68
43;11;341.303;-119.617;54,02
43;12;341.303;-119.585;51,84
43;13;341.303;-119.552;50,51
43;14;341.303;-119,52;51,68
43;15;341.303;-119.487;51,35
43;16;341.303;-119.455;52,44
43;17;341.303;-119.422;53,48
43;18;341.303;-119,39;54,37
43;19;341.303;-119.358;55,53
43;20;341.303;-119.325;39,97
43;21;341.303;-119.293;28,57
43;22;341.303;-119,26;31,64
43;23;341.303;-119.228;29,58
43;24;341.303;-119.195;28,38
43;25;341.303;-119.163;26,57
43;26;341.303;-119,13;26,18
43;27;341.303;-119.098;25,58
43;28;341.303;-119.065;25,52
43;29;341.303;-119.033;26,69
43;30;341.303;-119;27,92
43;31;341.303;-118.968;29,47
43;32;341.303;-118.936;29,72
43;33;341.303;-118.903;29,67
43;34;341.303;-118.871;28,95
43;35;341.303;-118.838;29,64
43;36;341.303;-118.806;29,98
43;37;341.303;-118.773;30,74
43;38;341.303;-118.741;30,96
43;39;341.303;-118.708;30,93
43;40;341.303;-118.676;31,09
43;41;341.303;-118.643;31,30
43;42;341.303;-118.611;31,53
43;43;341.303;-118.579;31,98
43;44;341.303;-118.546;32,11
43;45;341.303;-118.514;32,05
43;46;341.303;-118.481;31,61
43;47;341.303;-118.449;30,45
43;48;341.303;-118.416;29,19
43;49;341.303;-118.384;29,14
43;50;341.303;-118.351;29,07
43;51;341.303;-118.319;29,24
43;52;341.303;-118.286;29,59
43;53;341.303;-118.254;29,88
43;54;341.303;-118.221;30,10
43;55;341.303;-118.189;30,44
43;56;341.303;-118.157;30,75
43;57;341.303;-118.124;30,97
43;58;341.303;-118.092;31,08
43;59;341.303;-118.059;31,10
43;60;341.303;-118.027;31,06
43;61;341.303;-117.994;31,03
43;62;341.303;-117.962;31,17
43;63;341.303;-117.929;31,30
43;64;341.303;-117.897;31,35
43;65;341.303;-117.864;31,38
43;66;341.303;-117.832;31,96
43;67;341.303;-117.799;32,66
43;68;341.303;-117.767;33,14
43;69;341.303;-117.735;32,46
43;70;341.303;-117.702;33,65
43;71;341.303;-117,67;35,27
43;72;341.303;-117.637;36,82
43;73;341.303;-117.605;37,90
43;74;341.303;-117.572;38,19
43;75;341.303;-117,54;37,94
43;76;341.303;-117.507;37,44
43;77;341.303;-117.475;37,45
43;78;341.303;-117.442;37,03
43;79;341.303;-117,41;35,70
43;80;341.303;-117.378;33,96
43;81;341.303;-117.345;32,95
43;82;341.303;-117.313;32,63
43;83;341.303;-117,28;32,76
43;84;341.303;-117.248;32,96
43;85;341.303;-117.215;33,20
43;86;341.303;-117.183;33,48
43;87;341.303;-117,15;34,05
43;88;341.303;-117.118;34,11
43;89;341.303;-117.085;36,41
43;90;341.303;-117.053;41,42
43;91;341.303;-117,02;47,92
43;92;341.303;-116.988;53,54
43;93;341.303;-116.956;59,82
43;94;341.303;-116.923;66,51
43;95;341.303;-116.891;71,89
43;96;341.303;-116.858;76,83
43;97;341.303;-116.826;78,98
43;98;341.303;-116.793;79,86
43;99;341.303;-116.761;79,46
44;1;341.572;-119.942;67,77
44;2;341.572;-119.909;68,57
44;3;341.572;-119.877;69,51
44;4;341.572;-119.844;71,16
44;5;341.572;-119.812;72,19
44;6;341.572;-119,78;73,00
44;7;341.572;-119.747;72,09
44;8;341.572;-119.715;66,28
44;9;341.572;-119.682;62,72
44;10;341.572;-119,65;61,62
44;11;341.572;-119.617;60,40
44;12;341.572;-119.585;59,38
44;13;341.572;-119.552;58,84
44;14;341.572;-119,52;57,31
44;15;341.572;-119.487;56,18
44;16;341.572;-119.455;56,10
44;17;341.572;-119.422;56,05
44;18;341.572;-119,39;56,31
44;19;341.572;-119.358;56,97
44;20;341.572;-119.325;34,61
44;21;341.572;-119.293;26,89
44;22;341.572;-119,26;29,12
44;23;341.572;-119.228;28,58
44;24;341.572;-119.195;28,20
44;25;341.572;-119.163;27,00
44;26;341.572;-119,13;26,71
44;27;341.572;-119.098;26,01
44;28;341.572;-119.065;25,61
44;29;341.572;-119.033;26,47
44;30;341.572;-119;27,54
44;31;341.572;-118.968;29,04
44;32;341.572;-118.936;29,52
44;33;341.572;-118.903;29,60
44;34;341.572;-118.871;29,06
44;35;341.572;-118.838;29,59
44;36;341.572;-118.806;29,82
44;37;341.572;-118.773;30,26
44;38;341.572;-118.741;30,72
44;39;341.572;-118.708;31,17
44;40;341.572;-118.676;31,63
44;41;341.572;-118.643;31,91
44;42;341.572;-118.611;31,86
44;43;341.572;-118.579;32,19
44;44;341.572;-118.546;32,39
44;45;341.572;-118.514;32,33
44;46;341.572;-118.481;32,10
44;47;341.572;-118.449;31,31
44;48;341.572;-118.416;30,50
44;49;341.572;-118.384;30,37
44;50;341.572;-118.351;30,40
44;51;341.572;-118.319;30,58
44;52;341.572;-118.286;30,91
44;53;341.572;-118.254;31,34
44;54;341.572;-118.221;31,98
44;55;341.572;-118.189;32,53
44;56;341.572;-118.157;33,00
44;57;341.572;-118.124;33,42
44;58;341.572;-118.092;33,70
44;59;341.572;-118.059;33,70
44;60;341.572;-118.027;33,65
44;61;341.572;-117.994;33,67
44;62;341.572;-117.962;33,51
44;63;341.572;-117.929;33,58
44;64;341.572;-117.897;33,49
44;65;341.572;-117.864;33,26
44;66;341.572;-117.832;33,55
44;67;341.572;-117.799;33,98
44;68;341.572;-117.767;34,62
44;69;341.572;-117.735;36,06
44;70;341.572;-117.702;38,05
44;71;341.572;-117,67;39,61
44;72;341.572;-117.637;40,63
44;73;341.572;-117.605;41,47
44;74;341.572;-117.572;42,30
44;75;341.572;-117,54;41,72
44;76;341.572;-117.507;40,44
44;77;341.572;-117.475;39,83
44;78;341.572;-117.442;39,09
44;79;341.572;-117,41;37,69
44;80;341.572;-117.378;35,81
44;81;341.572;-117.345;34,57
44;82;341.572;-117.313;34,19
44;83;341.572;-117,28;34,58
44;84;341.572;-117.248;35,35
44;85;341.572;-117.215;36,31
44;86;341.572;-117.183;37,22
44;87;341.572;-117,15;38,56
44;88;341.572;-117.118;41,08
44;89;341.572;-117.085;44,15
44;90;341.572;-117.053;48,14
44;91;341.572;-117,02;53,34
44;92;341.572;-116.988;59,43
44;93;341.572;-116.956;65,19
44;94;341.572;-116.923;70,34
44;95;341.572;-116.891;74,00
44;96;341.572;-116.858;78,77
44;97;341.572;-116.826;81,78
44;98;341.572;-116.793;82,83
44;99;341.572;-116.761;82,48
45;1;341.841;-119.942;65,22
45;2;341.841;-119.909;65,94
45;3;341.841;-119.877;67,07
45;4;341.841;-119.844;68,90
45;5;341.841;-119.812;70,05
45;6;341.841;-119,78;70,32
45;7;341.841;-119.747;69,13
45;8;341.841;-119.715;61,55
45;9;341.841;-119.682;54,49
45;10;341.841;-119,65;54,22
45;11;341.841;-119.617;56,44
45;12;341.841;-119.585;58,99
45;13;341.841;-119.552;60,82
45;14;341.841;-119,52;62,12
45;15;341.841;-119.487;61,37
45;16;341.841;-119.455;62,41
45;17;341.841;-119.422;60,89
45;18;341.841;-119,39;60,32
45;19;341.841;-119.358;58,33
45;20;341.841;-119.325;29,86
45;21;341.841;-119.293;27,04
45;22;341.841;-119,26;26,07
45;23;341.841;-119.228;26,90
45;24;341.841;-119.195;26,90
45;25;341.841;-119.163;26,68
45;26;341.841;-119,13;26,57
45;27;341.841;-119.098;26,05
45;28;341.841;-119.065;25,38
45;29;341.841;-119.033;25,75
45;30;341.841;-119;26,57
45;31;341.841;-118.968;27,97
45;32;341.841;-118.936;28,63
45;33;341.841;-118.903;28,95
45;34;341.841;-118.871;28,64
45;35;341.841;-118.838;29,14
45;36;341.841;-118.806;29,53
45;37;341.841;-118.773;29,98
45;38;341.841;-118.741;30,04
45;39;341.841;-118.708;30,31
45;40;341.841;-118.676;30,94
45;41;341.841;-118.643;31,65
45;42;341.841;-118.611;32,13
45;43;341.841;-118.579;32,47
45;44;341.841;-118.546;32,63
45;45;341.841;-118.514;32,62
45;46;341.841;-118.481;32,58
45;47;341.841;-118.449;32,11
45;48;341.841;-118.416;31,53
45;49;341.841;-118.384;31,32
45;50;341.841;-118.351;31,49
45;51;341.841;-118.319;31,98
45;52;341.841;-118.286;32,72
45;53;341.841;-118.254;33,57
45;54;341.841;-118.221;34,49
45;55;341.841;-118.189;35,53
45;56;341.841;-118.157;36,15
45;57;341.841;-118.124;36,79
45;58;341.841;-118.092;37,34
45;59;341.841;-118.059;37,58
45;60;341.841;-118.027;37,48
45;61;341.841;-117.994;37,49
45;62;341.841;-117.962;36,99
45;63;341.841;-117.929;36,63
45;64;341.841;-117.897;36,09
45;65;341.841;-117.864;35,82
45;66;341.841;-117.832;36,39
45;67;341.841;-117.799;37,32
45;68;341.841;-117.767;38,43
45;69;341.841;-117.735;40,09
45;70;341.841;-117.702;42,93
45;71;341.841;-117,67;45,30
45;72;341.841;-117.637;46,75
45;73;341.841;-117.605;46,86
45;74;341.841;-117.572;47,71
45;75;341.841;-117,54;46,66
45;76;341.841;-117.507;44,57
45;77;341.841;-117.475;43,04
45;78;341.841;-117.442;41,75
45;79;341.841;-117,41;40,33
45;80;341.841;-117.378;38,46
45;81;341.841;-117.345;37,16
45;82;341.841;-117.313;36,77
45;83;341.841;-117,28;37,27
45;84;341.841;-117.248;38,48
45;85;341.841;-117.215;40,14
45;86;341.841;-117.183;41,85
45;87;341.841;-117,15;43,57
45;88;341.841;-117.118;46,08
45;89;341.841;-117.085;49,14
45;90;341.841;-117.053;53,60
45;91;341.841;-117,02;58,37
45;92;341.841;-116.988;62,99
45;93;341.841;-116.956;68,13
45;94;341.841;-116.923;72,82
45;95;341.841;-116.891;75,08
45;96;341.841;-116.858;79,57
45;97;341.841;-116.826;82,14
45;98;341.841;-116.793;83,37
45;99;341.841;-116.761;83,11
46;1;342.109;-119.942;64,25
46;2;342.109;-119.909;64,82
46;3;342.109;-119.877;65,51
46;4;342.109;-119.844;66,26
46;5;342.109;-119.812;66,61
46;6;342.109;-119,78;66,00
46;7;342.109;-119.747;65,51
46;8;342.109;-119.715;61,20
46;9;342.109;-119.682;51,37
46;10;342.109;-119,65;46,84
46;11;342.109;-119.617;48,53
46;12;342.109;-119.585;52,23
46;13;342.109;-119.552;56,30
46;14;342.109;-119,52;59,89
46;15;342.109;-119.487;63,94
46;16;342.109;-119.455;63,82
46;17;342.109;-119.422;64,88
46;18;342.109;-119,39;66,04
46;19;342.109;-119.358;52,83
46;20;342.109;-119.325;26,03
46;21;342.109;-119.293;27,59
46;22;342.109;-119,26;24,05
46;23;342.109;-119.228;25,22
46;24;342.109;-119.195;25,21
46;25;342.109;-119.163;25,71
46;26;342.109;-119,13;25,79
46;27;342.109;-119.098;25,84
46;28;342.109;-119.065;25,63
46;29;342.109;-119.033;25,35
46;30;342.109;-119;25,43
46;31;342.109;-118.968;26,04
46;32;342.109;-118.936;26,85
46;33;342.109;-118.903;27,60
46;34;342.109;-118.871;28,16
46;35;342.109;-118.838;28,58
46;36;342.109;-118.806;29,11
46;37;342.109;-118.773;29,74
46;38;342.109;-118.741;29,93
46;39;342.109;-118.708;30,05
46;40;342.109;-118.676;30,23
46;41;342.109;-118.643;31,04
46;42;342.109;-118.611;31,49
46;43;342.109;-118.579;31,86
46;44;342.109;-118.546;32,25
46;45;342.109;-118.514;32,60
46;46;342.109;-118.481;32,76
46;47;342.109;-118.449;32,78
46;48;342.109;-118.416;32,61
46;49;342.109;-118.384;32,61
46;50;342.109;-118.351;33,02
46;51;342.109;-118.319;33,75
46;52;342.109;-118.286;34,80
46;53;342.109;-118.254;35,97
46;54;342.109;-118.221;37,61
46;55;342.109;-118.189;39,83
46;56;342.109;-118.157;40,85
46;57;342.109;-118.124;41,99
46;58;342.109;-118.092;42,97
46;59;342.109;-118.059;43,39
46;60;342.109;-118.027;43,03
46;61;342.109;-117.994;42,98
46;62;342.109;-117.962;42,27
46;63;342.109;-117.929;41,25
46;64;342.109;-117.897;39,86
46;65;342.109;-117.864;39,12
46;66;342.109;-117.832;39,52
46;67;342.109;-117.799;40,69
46;68;342.109;-117.767;42,74
46;69;342.109;-117.735;45,72
46;70;342.109;-117.702;50,14
46;71;342.109;-117,67;53,69
46;72;342.109;-117.637;54,52
46;73;342.109;-117.605;54,93
46;74;342.109;-117.572;55,59
46;75;342.109;-117,54;53,31
46;76;342.109;-117.507;49,87
46;77;342.109;-117.475;47,29
46;78;342.109;-117.442;45,25
46;79;342.109;-117,41;43,77
46;80;342.109;-117.378;42,14
46;81;342.109;-117.345;41,03
46;82;342.109;-117.313;41,27
46;83;342.109;-117,28;42,29
46;84;342.109;-117.248;43,91
46;85;342.109;-117.215;46,00
46;86;342.109;-117.183;48,53
46;87;342.109;-117,15;50,97
46;88;342.109;-117.118;53,29
46;89;342.109;-117.085;55,97
46;90;342.109;-117.053;59,09
46;91;342.109;-117,02;62,88
46;92;342.109;-116.988;66,13
46;93;342.109;-116.956;69,87
46;94;342.109;-116.923;73,51
46;95;342.109;-116.891;75,18
46;96;342.109;-116.858;78,30
46;97;342.109;-116.826;81,35
46;98;342.109;-116.793;83,02
46;99;342.109;-116.761;82,38
47;1;342.377;-119.942;63,42
47;2;342.377;-119.909;64,10
47;3;342.377;-119.877;64,84
47;4;342.377;-119.844;65,46
47;5;342.377;-119.812;65,35
47;6;342.377;-119,78;64,65
47;7;342.377;-119.747;64,24
47;8;342.377;-119.715;61,99
47;9;342.377;-119.682;51,44
47;10;342.377;-119,65;43,11
47;11;342.377;-119.617;42,39
47;12;342.377;-119.585;45,45
47;13;342.377;-119.552;48,98
47;14;342.377;-119,52;54,54
47;15;342.377;-119.487;58,81
47;16;342.377;-119.455;64,01
47;17;342.377;-119.422;64,46
47;18;342.377;-119,39;71,58
47;19;342.377;-119.358;47,40
47;20;342.377;-119.325;24,41
47;21;342.377;-119.293;27,49
47;22;342.377;-119,26;24,02
47;23;342.377;-119.228;25,12
47;24;342.377;-119.195;25,21
47;25;342.377;-119.163;25,79
47;26;342.377;-119,13;26,19
47;27;342.377;-119.098;26,54
47;28;342.377;-119.065;26,51
47;29;342.377;-119.033;26,13
47;30;342.377;-119;25,67
47;31;342.377;-118.968;25,69
47;32;342.377;-118.936;26,27
47;33;342.377;-118.903;27,03
47;34;342.377;-118.871;27,67
47;35;342.377;-118.838;28,19
47;36;342.377;-118.806;28,75
47;37;342.377;-118.773;29,50
47;38;342.377;-118.741;29,81
47;39;342.377;-118.708;30,01
47;40;342.377;-118.676;30,09
47;41;342.377;-118.643;30,57
47;42;342.377;-118.611;31,18
47;43;342.377;-118.579;31,41
47;44;342.377;-118.546;31,77
47;45;342.377;-118.514;32,23
47;46;342.377;-118.481;32,68
47;47;342.377;-118.449;33,04
47;48;342.377;-118.416;33,34
47;49;342.377;-118.384;33,95
47;50;342.377;-118.351;34,85
47;51;342.377;-118.319;36,03
47;52;342.377;-118.286;37,42
47;53;342.377;-118.254;38,88
47;54;342.377;-118.221;40,62
47;55;342.377;-118.189;42,71
47;56;342.377;-118.157;44,28
47;57;342.377;-118.124;45,84
47;58;342.377;-118.092;47,36
47;59;342.377;-118.059;48,13
47;60;342.377;-118.027;47,83
47;61;342.377;-117.994;47,55
47;62;342.377;-117.962;46,86
47;63;342.377;-117.929;45,95
47;64;342.377;-117.897;44,41
47;65;342.377;-117.864;43,49
47;66;342.377;-117.832;43,96
47;67;342.377;-117.799;45,51
47;68;342.377;-117.767;48,20
47;69;342.377;-117.735;51,91
47;70;342.377;-117.702;57,93
47;71;342.377;-117,67;62,09
47;72;342.377;-117.637;62,10
47;73;342.377;-117.605;62,28
47;74;342.377;-117.572;62,48
47;75;342.377;-117,54;58,77
47;76;342.377;-117.507;53,72
47;77;342.377;-117.475;50,27
47;78;342.377;-117.442;47,74
47;79;342.377;-117,41;46,30
47;80;342.377;-117.378;44,96
47;81;342.377;-117.345;44,03
47;82;342.377;-117.313;44,68
47;83;342.377;-117,28;45,96
47;84;342.377;-117.248;47,77
47;85;342.377;-117.215;49,94
47;86;342.377;-117.183;52,95
47;87;342.377;-117,15;55,88
47;88;342.377;-117.118;58,22
47;89;342.377;-117.085;60,08
47;90;342.377;-117.053;62,56
47;91;342.377;-117,02;65,18
47;92;342.377;-116.988;67,35
47;93;342.377;-116.956;69,50
47;94;342.377;-116.923;72,11
47;95;342.377;-116.891;73,62
47;96;342.377;-116.858;75,03
47;97;342.377;-116.826;77,12
47;98;342.377;-116.793;78,51
47;99;342.377;-116.761;77,72
48;1;342.646;-119.942;63,60
48;2;342.646;-119.909;64,69
48;3;342.646;-119.877;65,78
48;4;342.646;-119.844;66,18
48;5;342.646;-119.812;65,72
48;6;342.646;-119,78;64,62
48;7;342.646;-119.747;63,09
48;8;342.646;-119.715;62,89
48;9;342.646;-119.682;54,75
48;10;342.646;-119,65;43,40
48;11;342.646;-119.617;39,28
48;12;342.646;-119.585;40,54
48;13;342.646;-119.552;43,42
48;14;342.646;-119,52;50,00
48;15;342.646;-119.487;55,67
48;16;342.646;-119.455;62,95
48;17;342.646;-119.422;64,32
48;18;342.646;-119,39;71,76
48;19;342.646;-119.358;41,98
48;20;342.646;-119.325;23,55
48;21;342.646;-119.293;26,27
48;22;342.646;-119,26;23,90
48;23;342.646;-119.228;24,87
48;24;342.646;-119.195;25,04
48;25;342.646;-119.163;25,63
48;26;342.646;-119,13;26,21
48;27;342.646;-119.098;27,00
48;28;342.646;-119.065;27,54
48;29;342.646;-119.033;27,36
48;30;342.646;-119;26,68
48;31;342.646;-118.968;25,91
48;32;342.646;-118.936;26,01
48;33;342.646;-118.903;26,66
48;34;342.646;-118.871;27,47
48;35;342.646;-118.838;28,12
48;36;342.646;-118.806;28,67
48;37;342.646;-118.773;29,38
48;38;342.646;-118.741;29,88
48;39;342.646;-118.708;30,22
48;40;342.646;-118.676;30,38
48;41;342.646;-118.643;30,63
48;42;342.646;-118.611;30,77
48;43;342.646;-118.579;31,05
48;44;342.646;-118.546;31,25
48;45;342.646;-118.514;31,87
48;46;342.646;-118.481;32,48
48;47;342.646;-118.449;33,17
48;48;342.646;-118.416;33,83
48;49;342.646;-118.384;34,96
48;50;342.646;-118.351;36,40
48;51;342.646;-118.319;38,11
48;52;342.646;-118.286;40,06
48;53;342.646;-118.254;41,78
48;54;342.646;-118.221;43,70
48;55;342.646;-118.189;45,76
48;56;342.646;-118.157;47,76
48;57;342.646;-118.124;49,87
48;58;342.646;-118.092;52,11
48;59;342.646;-118.059;53,25
48;60;342.646;-118.027;53,46
48;61;342.646;-117.994;53,31
48;62;342.646;-117.962;52,29
48;63;342.646;-117.929;51,14
48;64;342.646;-117.897;49,85
48;65;342.646;-117.864;49,34
48;66;342.646;-117.832;49,80
48;67;342.646;-117.799;51,67
48;68;342.646;-117.767;54,86
48;69;342.646;-117.735;58,53
48;70;342.646;-117.702;63,87
48;71;342.646;-117,67;68,56
48;72;342.646;-117.637;68,64
48;73;342.646;-117.605;68,20
48;74;342.646;-117.572;67,01
48;75;342.646;-117,54;62,39
48;76;342.646;-117.507;56,49
48;77;342.646;-117.475;52,49
48;78;342.646;-117.442;49,66
48;79;342.646;-117,41;48,31
48;80;342.646;-117.378;47,17
48;81;342.646;-117.345;46,38
48;82;342.646;-117.313;46,99
48;83;342.646;-117,28;47,96
48;84;342.646;-117.248;49,06
48;85;342.646;-117.215;50,70
48;86;342.646;-117.183;53,27
48;87;342.646;-117,15;56,67
48;88;342.646;-117.118;59,79
48;89;342.646;-117.085;61,48
48;90;342.646;-117.053;62,70
48;91;342.646;-117,02;65,01
48;92;342.646;-116.988;67,04
48;93;342.646;-116.956;67,87
48;94;342.646;-116.923;69,29
48;95;342.646;-116.891;70,61
48;96;342.646;-116.858;71,08
48;97;342.646;-116.826;71,57
48;98;342.646;-116.793;72,11
48;99;342.646;-116.761;71,03
49;1;342.914;-119.942;63,79
49;2;342.914;-119.909;65,62
49;3;342.914;-119.877;67,01
49;4;342.914;-119.844;67,58
49;5;342.914;-119.812;67,13
49;6;342.914;-119,78;65,40
49;7;342.914;-119.747;63,50
49;8;342.914;-119.715;63,48
49;9;342.914;-119.682;58,21
49;10;342.914;-119,65;45,37
49;11;342.914;-119.617;38,58
49;12;342.914;-119.585;39,54
49;13;342.914;-119.552;44,00
49;14;342.914;-119,52;49,61
49;15;342.914;-119.487;55,30
49;16;342.914;-119.455;59,42
49;17;342.914;-119.422;66,23
49;18;342.914;-119,39;66,38
49;19;342.914;-119.358;37,13
49;20;342.914;-119.325;22,18
49;21;342.914;-119.293;25,00
49;22;342.914;-119,26;24,12
49;23;342.914;-119.228;24,95
49;24;342.914;-119.195;25,25
49;25;342.914;-119.163;25,80
49;26;342.914;-119,13;26,37
49;27;342.914;-119.098;27,40
49;28;342.914;-119.065;28,78
49;29;342.914;-119.033;28,98
49;30;342.914;-119;28,62
49;31;342.914;-118.968;26,95
49;32;342.914;-118.936;26,26
49;33;342.914;-118.903;26,38
49;34;342.914;-118.871;27,41
49;35;342.914;-118.838;28,25
49;36;342.914;-118.806;28,74
49;37;342.914;-118.773;29,39
49;38;342.914;-118.741;30,06
49;39;342.914;-118.708;30,63
49;40;342.914;-118.676;31,13
49;41;342.914;-118.643;31,30
49;42;342.914;-118.611;31,25
49;43;342.914;-118.579;30,93
49;44;342.914;-118.546;31,09
49;45;342.914;-118.514;31,73
49;46;342.914;-118.481;32,34
49;47;342.914;-118.449;33,23
49;48;342.914;-118.416;34,49
49;49;342.914;-118.384;36,15
49;50;342.914;-118.351;37,99
49;51;342.914;-118.319;40,10
49;52;342.914;-118.286;42,75
49;53;342.914;-118.254;44,68
49;54;342.914;-118.221;46,63
49;55;342.914;-118.189;48,25
49;56;342.914;-118.157;50,32
49;57;342.914;-118.124;52,45
49;58;342.914;-118.092;55,11
49;59;342.914;-118.059;57,11
49;60;342.914;-118.027;58,16
49;61;342.914;-117.994;58,27
49;62;342.914;-117.962;57,34
49;63;342.914;-117.929;56,50
49;64;342.914;-117.897;55,15
49;65;342.914;-117.864;54,78
49;66;342.914;-117.832;55,34
49;67;342.914;-117.799;57,30
49;68;342.914;-117.767;60,69
49;69;342.914;-117.735;64,63
49;70;342.914;-117.702;71,48
49;71;342.914;-117,67;74,87
49;72;342.914;-117.637;75,01
49;73;342.914;-117.605;72,43
49;74;342.914;-117.572;67,70
49;75;342.914;-117,54;62,55
49;76;342.914;-117.507;57,33
49;77;342.914;-117.475;53,35
49;78;342.914;-117.442;50,57
49;79;342.914;-117,41;49,52
49;80;342.914;-117.378;48,59
49;81;342.914;-117.345;47,78
49;82;342.914;-117.313;47,77
49;83;342.914;-117,28;48,19
49;84;342.914;-117.248;49,35
49;85;342.914;-117.215;50,94
49;86;342.914;-117.183;53,47
49;87;342.914;-117,15;57,27
49;88;342.914;-117.118;61,40
49;89;342.914;-117.085;64,08
49;90;342.914;-117.053;65,04
49;91;342.914;-117,02;66,54
49;92;342.914;-116.988;67,50
49;93;342.914;-116.956;66,61
49;94;342.914;-116.923;67,22
49;95;342.914;-116.891;67,31
49;96;342.914;-116.858;66,88
49;97;342.914;-116.826;65,72
49;98;342.914;-116.793;64,72
49;99;342.914;-116.761;62,88
50;1;343.182;-119.942;64,54
50;2;343.182;-119.909;66,31
50;3;343.182;-119.877;67,70
50;4;343.182;-119.844;67,61
50;5;343.182;-119.812;66,70
50;6;343.182;-119,78;65,51
50;7;343.182;-119.747;64,69
50;8;343.182;-119.715;63,64
50;9;343.182;-119.682;58,42
50;10;343.182;-119,65;47,44
50;11;343.182;-119.617;41,67
50;12;343.182;-119.585;43,49
50;13;343.182;-119.552;44,89
50;14;343.182;-119,52;45,72
50;15;343.182;-119.487;46,64
50;16;343.182;-119.455;49,60
50;17;343.182;-119.422;55,59
50;18;343.182;-119,39;59,27
50;19;343.182;-119.358;34,29
50;20;343.182;-119.325;22,15
50;21;343.182;-119.293;24,41
50;22;343.182;-119,26;23,99
50;23;343.182;-119.228;24,65
50;24;343.182;-119.195;25,07
50;25;343.182;-119.163;25,56
50;26;343.182;-119,13;26,11
50;27;343.182;-119.098;26,96
50;28;343.182;-119.065;28,32
50;29;343.182;-119.033;28,99
50;30;343.182;-119;29,47
50;31;343.182;-118.968;28,13
50;32;343.182;-118.936;26,53
50;33;343.182;-118.903;25,67
50;34;343.182;-118.871;26,71
50;35;343.182;-118.838;27,89
50;36;343.182;-118.806;28,57
50;37;343.182;-118.773;29,28
50;38;343.182;-118.741;29,98
50;39;343.182;-118.708;30,52
50;40;343.182;-118.676;30,94
50;41;343.182;-118.643;31,06
50;42;343.182;-118.611;31,11
50;43;343.182;-118.579;30,89
50;44;343.182;-118.546;31,06
50;45;343.182;-118.514;31,52
50;46;343.182;-118.481;32,19
50;47;343.182;-118.449;33,10
50;48;343.182;-118.416;34,82
50;49;343.182;-118.384;36,85
50;50;343.182;-118.351;39,02
50;51;343.182;-118.319;41,32
50;52;343.182;-118.286;44,14
50;53;343.182;-118.254;46,38
50;54;343.182;-118.221;48,56
50;55;343.182;-118.189;50,37
50;56;343.182;-118.157;52,28
50;57;343.182;-118.124;54,31
50;58;343.182;-118.092;56,86
50;59;343.182;-118.059;58,59
50;60;343.182;-118.027;60,22
50;61;343.182;-117.994;60,60
50;62;343.182;-117.962;59,74
50;63;343.182;-117.929;59,19
50;64;343.182;-117.897;58,70
50;65;343.182;-117.864;59,03
50;66;343.182;-117.832;59,82
50;67;343.182;-117.799;61,80
50;68;343.182;-117.767;65,18
50;69;343.182;-117.735;69,46
50;70;343.182;-117.702;74,92
50;71;343.182;-117,67;77,33
50;72;343.182;-117.637;76,91
50;73;343.182;-117.605;72,87
50;74;343.182;-117.572;67,88
50;75;343.182;-117,54;62,67
50;76;343.182;-117.507;57,40
50;77;343.182;-117.475;53,73
50;78;343.182;-117.442;51,23
50;79;343.182;-117,41;50,41
50;80;343.182;-117.378;49,69
50;81;343.182;-117.345;48,76
50;82;343.182;-117.313;48,21
50;83;343.182;-117,28;48,64
50;84;343.182;-117.248;49,86
50;85;343.182;-117.215;51,39
50;86;343.182;-117.183;53,77
50;87;343.182;-117,15;57,03
50;88;343.182;-117.118;61,03
50;89;343.182;-117.085;64,10
50;90;343.182;-117.053;64,96
50;91;343.182;-117,02;64,93
50;92;343.182;-116.988;65,63
50;93;343.182;-116.956;64,04
50;94;343.182;-116.923;63,01
50;95;343.182;-116.891;61,78
50;96;343.182;-116.858;61,46
50;97;343.182;-116.826;60,11
50;98;343.182;-116.793;58,37
50;99;343.182;-116.761;56,51
51;1;34.345;-119.942;64,10
51;2;34.345;-119.909;65,20
51;3;34.345;-119.877;66,29
51;4;34.345;-119.844;65,71
51;5;34.345;-119.812;64,48
51;6;34.345;-119,78;64,68
51;7;34.345;-119.747;63,71
51;8;34.345;-119.715;61,93
51;9;34.345;-119.682;55,03
51;10;34.345;-119,65;47,22
51;11;34.345;-119.617;44,14
51;12;34.345;-119.585;43,22
51;13;34.345;-119.552;39,58
51;14;34.345;-119,52;38,79
51;15;34.345;-119.487;38,43
51;16;34.345;-119.455;42,41
51;17;34.345;-119.422;45,71
51;18;34.345;-119,39;51,87
51;19;34.345;-119.358;25,13
51;20;34.345;-119.325;23,49
51;21;34.345;-119.293;23,55
51;22;34.345;-119,26;24,17
51;23;34.345;-119.228;24,56
51;24;34.345;-119.195;25,20
51;25;34.345;-119.163;25,80
51;26;34.345;-119,13;26,49
51;27;34.345;-119.098;27,40
51;28;34.345;-119.065;28,77
51;29;34.345;-119.033;29,59
51;30;34.345;-119;30,41
51;31;34.345;-118.968;29,47
51;32;34.345;-118.936;27,55
51;33;34.345;-118.903;25,71
51;34;34.345;-118.871;26,32
51;35;34.345;-118.838;27,67
51;36;34.345;-118.806;28,37
51;37;34.345;-118.773;28,98
51;38;34.345;-118.741;29,58
51;39;34.345;-118.708;30,07
51;40;34.345;-118.676;30,29
51;41;34.345;-118.643;30,25
51;42;34.345;-118.611;30,35
51;43;34.345;-118.579;30,33
51;44;34.345;-118.546;30,62
51;45;34.345;-118.514;31,25
51;46;34.345;-118.481;32,44
51;47;34.345;-118.449;33,51
51;48;34.345;-118.416;35,39
51;49;34.345;-118.384;37,77
51;50;34.345;-118.351;40,00
51;51;34.345;-118.319;42,56
51;52;34.345;-118.286;45,33
51;53;34.345;-118.254;47,73
51;54;34.345;-118.221;49,95
51;55;34.345;-118.189;51,64
51;56;34.345;-118.157;53,31
51;57;34.345;-118.124;55,01
51;58;34.345;-118.092;56,88
51;59;34.345;-118.059;58,31
51;60;34.345;-118.027;59,00
51;61;34.345;-117.994;58,96
51;62;34.345;-117.962;58,57
51;63;34.345;-117.929;58,99
51;64;34.345;-117.897;59,60
51;65;34.345;-117.864;60,80
51;66;34.345;-117.832;62,14
51;67;34.345;-117.799;63,80
51;68;34.345;-117.767;64,81
51;69;34.345;-117.735;69,10
51;70;34.345;-117.702;74,94
51;71;34.345;-117,67;76,03
51;72;34.345;-117.637;75,28
51;73;34.345;-117.605;70,35
51;74;34.345;-117.572;65,31
51;75;34.345;-117,54;60,73
51;76;34.345;-117.507;56,34
51;77;34.345;-117.475;53,37
51;78;34.345;-117.442;51,17
51;79;34.345;-117,41;50,46
51;80;34.345;-117.378;49,91
51;81;34.345;-117.345;48,76
51;82;34.345;-117.313;47,50
51;83;34.345;-117,28;47,56
51;84;34.345;-117.248;48,46
51;85;34.345;-117.215;49,74
51;86;34.345;-117.183;51,71
51;87;34.345;-117,15;54,24
51;88;34.345;-117.118;57,55
51;89;34.345;-117.085;60,82
51;90;34.345;-117.053;63,15
51;91;34.345;-117,02;63,89
51;92;34.345;-116.988;64,40
51;93;34.345;-116.956;62,93
51;94;34.345;-116.923;59,93
51;95;34.345;-116.891;56,93
51;96;34.345;-116.858;56,11
51;97;34.345;-116.826;54,81
51;98;34.345;-116.793;52,85
51;99;34.345;-116.761;51,46
52;1;343.718;-119.942;63,94
52;2;343.718;-119.909;64,25
52;3;343.718;-119.877;64,68
52;4;343.718;-119.844;63,45
52;5;343.718;-119.812;62,46
52;6;343.718;-119,78;61,97
52;7;343.718;-119.747;58,44
52;8;343.718;-119.715;56,02
52;9;343.718;-119.682;51,25
52;10;343.718;-119,65;44,13
52;11;343.718;-119.617;41,66
52;12;343.718;-119.585;41,39
52;13;343.718;-119.552;36,06
52;14;343.718;-119,52;36,00
52;15;343.718;-119.487;35,89
52;16;343.718;-119.455;40,31
52;17;343.718;-119.422;42,94
52;18;343.718;-119,39;36,70
52;19;343.718;-119.358;21,08
52;20;343.718;-119.325;23,88
52;21;343.718;-119.293;23,33
52;22;343.718;-119,26;24,12
52;23;343.718;-119.228;24,74
52;24;343.718;-119.195;25,49
52;25;343.718;-119.163;26,36
52;26;343.718;-119,13;27,23
52;27;343.718;-119.098;28,15
52;28;343.718;-119.065;29,59
52;29;343.718;-119.033;30,50
52;30;343.718;-119;31,39
52;31;343.718;-118.968;30,79
52;32;343.718;-118.936;28,80
52;33;343.718;-118.903;26,21
52;34;343.718;-118.871;26,11
52;35;343.718;-118.838;27,41
52;36;343.718;-118.806;28,06
52;37;343.718;-118.773;28,43
52;38;343.718;-118.741;28,97
52;39;343.718;-118.708;29,10
52;40;343.718;-118.676;29,02
52;41;343.718;-118.643;28,88
52;42;343.718;-118.611;28,97
52;43;343.718;-118.579;29,36
52;44;343.718;-118.546;29,99
52;45;343.718;-118.514;31,01
52;46;343.718;-118.481;32,15
52;47;343.718;-118.449;33,42
52;48;343.718;-118.416;35,43
52;49;343.718;-118.384;38,15
52;50;343.718;-118.351;40,34
52;51;343.718;-118.319;42,83
52;52;343.718;-118.286;45,29
52;53;343.718;-118.254;47,76
52;54;343.718;-118.221;49,81
52;55;343.718;-118.189;51,44
52;56;343.718;-118.157;53,00
52;57;343.718;-118.124;54,63
52;58;343.718;-118.092;56,63
52;59;343.718;-118.059;58,10
52;60;343.718;-118.027;58,59
52;61;343.718;-117.994;58,10
52;62;343.718;-117.962;57,60
52;63;343.718;-117.929;58,16
52;64;343.718;-117.897;58,77
52;65;343.718;-117.864;60,03
52;66;343.718;-117.832;61,42
52;67;343.718;-117.799;63,09
52;68;343.718;-117.767;64,38
52;69;343.718;-117.735;68,75
52;70;343.718;-117.702;71,10
52;71;343.718;-117,67;70,94
52;72;343.718;-117.637;69,09
52;73;343.718;-117.605;64,58
52;74;343.718;-117.572;60,88
52;75;343.718;-117,54;57,47
52;76;343.718;-117.507;54,45
52;77;343.718;-117.475;52,44
52;78;343.718;-117.442;50,93
52;79;343.718;-117,41;50,24
52;80;343.718;-117.378;49,33
52;81;343.718;-117.345;47,58
52;82;343.718;-117.313;45,77
52;83;343.718;-117,28;45,50
52;84;343.718;-117.248;46,17
52;85;343.718;-117.215;47,31
52;86;343.718;-117.183;48,95
52;87;343.718;-117,15;50,91
52;88;343.718;-117.118;53,17
52;89;343.718;-117.085;55,16
52;90;343.718;-117.053;56,41
52;91;343.718;-117,02;57,58
52;92;343.718;-116.988;57,67
52;93;343.718;-116.956;56,58
52;94;343.718;-116.923;54,81
52;95;343.718;-116.891;53,06
52;96;343.718;-116.858;50,93
52;97;343.718;-116.826;49,69
52;98;343.718;-116.793;48,25
52;99;343.718;-116.761;47,63
53;1;343.986;-119.942;60,36
53;2;343.986;-119.909;59,16
53;3;343.986;-119.877;57,85
53;4;343.986;-119.844;56,14
53;5;343.986;-119.812;54,65
53;6;343.986;-119,78;52,99
53;7;343.986;-119.747;50,62
53;8;343.986;-119.715;48,03
53;9;343.986;-119.682;45,60
53;10;343.986;-119,65;42,75
53;11;343.986;-119.617;41,75
53;12;343.986;-119.585;41,92
53;13;343.986;-119.552;39,94
53;14;343.986;-119,52;38,91
53;15;343.986;-119.487;37,96
53;16;343.986;-119.455;38,47
53;17;343.986;-119.422;45,11
53;18;343.986;-119,39;25,68
53;19;343.986;-119.358;23,93
53;20;343.986;-119.325;23,13
53;21;343.986;-119.293;23,88
53;22;343.986;-119,26;24,29
53;23;343.986;-119.228;25,11
53;24;343.986;-119.195;26,07
53;25;343.986;-119.163;27,37
53;26;343.986;-119,13;28,53
53;27;343.986;-119.098;29,51
53;28;343.986;-119.065;30,91
53;29;343.986;-119.033;31,83
53;30;343.986;-119;32,60
53;31;343.986;-118.968;32,14
53;32;343.986;-118.936;30,40
53;33;343.986;-118.903;27,28
53;34;343.986;-118.871;26,36
53;35;343.986;-118.838;27,38
53;36;343.986;-118.806;28,01
53;37;343.986;-118.773;28,08
53;38;343.986;-118.741;28,22
53;39;343.986;-118.708;28,34
53;40;343.986;-118.676;28,19
53;41;343.986;-118.643;27,97
53;42;343.986;-118.611;27,95
53;43;343.986;-118.579;28,31
53;44;343.986;-118.546;29,14
53;45;343.986;-118.514;30,45
53;46;343.986;-118.481;31,81
53;47;343.986;-118.449;33,25
53;48;343.986;-118.416;35,14
53;49;343.986;-118.384;37,70
53;50;343.986;-118.351;39,86
53;51;343.986;-118.319;42,24
53;52;343.986;-118.286;44,59
53;53;343.986;-118.254;46,97
53;54;343.986;-118.221;49,20
53;55;343.986;-118.189;50,88
53;56;343.986;-118.157;52,24
53;57;343.986;-118.124;53,55
53;58;343.986;-118.092;55,43
53;59;343.986;-118.059;56,98
53;60;343.986;-118.027;57,59
53;61;343.986;-117.994;57,37
53;62;343.986;-117.962;57,16
53;63;343.986;-117.929;57,42
53;64;343.986;-117.897;58,13
53;65;343.986;-117.864;59,25
53;66;343.986;-117.832;60,71
53;67;343.986;-117.799;62,62
53;68;343.986;-117.767;64,30
53;69;343.986;-117.735;64,90
53;70;343.986;-117.702;65,46
53;71;343.986;-117,67;64,74
53;72;343.986;-117.637;62,80
53;73;343.986;-117.605;59,49
53;74;343.986;-117.572;56,76
53;75;343.986;-117,54;54,25
53;76;343.986;-117.507;52,58
53;77;343.986;-117.475;51,31
53;78;343.986;-117.442;50,19
53;79;343.986;-117,41;49,27
53;80;343.986;-117.378;48,10
53;81;343.986;-117.345;45,99
53;82;343.986;-117.313;44,03
53;83;343.986;-117,28;43,52
53;84;343.986;-117.248;44,00
53;85;343.986;-117.215;45,07
53;86;343.986;-117.183;46,44
53;87;343.986;-117,15;48,20
53;88;343.986;-117.118;50,07
53;89;343.986;-117.085;51,20
53;90;343.986;-117.053;51,28
53;91;343.986;-117,02;51,66
53;92;343.986;-116.988;52,38
53;93;343.986;-116.956;52,26
53;94;343.986;-116.923;50,77
53;95;343.986;-116.891;48,88
53;96;343.986;-116.858;47,44
53;97;343.986;-116.826;46,47
53;98;343.986;-116.793;45,54
53;99;343.986;-116.761;45,38
54;1;344.254;-119.942;49,57
54;2;344.254;-119.909;49,07
54;3;344.254;-119.877;48,40
54;4;344.254;-119.844;47,91
54;5;344.254;-119.812;46,90
54;6;344.254;-119,78;45,82
54;7;344.254;-119.747;46,32
54;8;344.254;-119.715;44,31
54;9;344.254;-119.682;40,89
54;10;344.254;-119,65;39,91
54;11;344.254;-119.617;41,17
54;12;344.254;-119.585;42,82
54;13;344.254;-119.552;39,41
54;14;344.254;-119,52;38,68
54;15;344.254;-119.487;38,03
54;16;344.254;-119.455;44,50
54;17;344.254;-119.422;39,40
54;18;344.254;-119,39;24,84
54;19;344.254;-119.358;23,88
54;20;344.254;-119.325;24,16
54;21;344.254;-119.293;24,29
54;22;344.254;-119,26;24,93
54;23;344.254;-119.228;25,63
54;24;344.254;-119.195;26,78
54;25;344.254;-119.163;28,52
54;26;344.254;-119,13;30,03
54;27;344.254;-119.098;31,14
54;28;344.254;-119.065;32,59
54;29;344.254;-119.033;33,38
54;30;344.254;-119;34,00
54;31;344.254;-118.968;33,72
54;32;344.254;-118.936;32,65
54;33;344.254;-118.903;29,32
54;34;344.254;-118.871;27,27
54;35;344.254;-118.838;27,61
54;36;344.254;-118.806;28,25
54;37;344.254;-118.773;28,13
54;38;344.254;-118.741;27,89
54;39;344.254;-118.708;27,87
54;40;344.254;-118.676;27,86
54;41;344.254;-118.643;27,41
54;42;344.254;-118.611;27,30
54;43;344.254;-118.579;27,49
54;44;344.254;-118.546;28,30
54;45;344.254;-118.514;29,67
54;46;344.254;-118.481;31,31
54;47;344.254;-118.449;32,99
54;48;344.254;-118.416;34,82
54;49;344.254;-118.384;37,13
54;50;344.254;-118.351;39,15
54;51;344.254;-118.319;41,18
54;52;344.254;-118.286;43,34
54;53;344.254;-118.254;45,51
54;54;344.254;-118.221;47,54
54;55;344.254;-118.189;49,03
54;56;344.254;-118.157;49,97
54;57;344.254;-118.124;50,69
54;58;344.254;-118.092;52,02
54;59;344.254;-118.059;53,40
54;60;344.254;-118.027;54,09
54;61;344.254;-117.994;53,77
54;62;344.254;-117.962;53,30
54;63;344.254;-117.929;53,47
54;64;344.254;-117.897;54,16
54;65;344.254;-117.864;55,03
54;66;344.254;-117.832;56,01
54;67;344.254;-117.799;57,77
54;68;344.254;-117.767;59,07
54;69;344.254;-117.735;59,57
54;70;344.254;-117.702;59,61
54;71;344.254;-117,67;58,38
54;72;344.254;-117.637;56,87
54;73;344.254;-117.605;54,62
54;74;344.254;-117.572;52,91
54;75;344.254;-117,54;51,49
54;76;344.254;-117.507;50,74
54;77;344.254;-117.475;49,96
54;78;344.254;-117.442;48,93
54;79;344.254;-117,41;47,71
54;80;344.254;-117.378;46,07
54;81;344.254;-117.345;44,24
54;82;344.254;-117.313;42,61
54;83;344.254;-117,28;41,85
54;84;344.254;-117.248;41,99
54;85;344.254;-117.215;43,07
54;86;344.254;-117.183;44,17
54;87;344.254;-117,15;45,76
54;88;344.254;-117.118;47,46
54;89;344.254;-117.085;48,28
54;90;344.254;-117.053;47,92
54;91;344.254;-117,02;47,32
54;92;344.254;-116.988;46,95
54;93;344.254;-116.956;46,77
54;94;344.254;-116.923;46,75
54;95;344.254;-116.891;46,05
54;96;344.254;-116.858;44,74
54;97;344.254;-116.826;44,57
54;98;344.254;-116.793;44,20
54;99;344.254;-116.761;44,39
55;1;344.521;-119.942;34,48
55;2;344.521;-119.909;34,42
55;3;344.521;-119.877;34,68
55;4;344.521;-119.844;34,78
55;5;344.521;-119.812;34,00
55;6;344.521;-119,78;34,33
55;7;344.521;-119.747;38,39
55;8;344.521;-119.715;40,74
55;9;344.521;-119.682;40,84
55;10;344.521;-119,65;37,55
55;11;344.521;-119.617;36,95
55;12;344.521;-119.585;37,64
55;13;344.521;-119.552;39,08
55;14;344.521;-119,52;40,93
55;15;344.521;-119.487;41,78
55;16;344.521;-119.455;38,93
55;17;344.521;-119.422;31,20
55;18;344.521;-119,39;28,58
55;19;344.521;-119.358;24,99
55;20;344.521;-119.325;25,09
55;21;344.521;-119.293;25,51
55;22;344.521;-119,26;25,85
55;23;344.521;-119.228;26,51
55;24;344.521;-119.195;27,85
55;25;344.521;-119.163;30,08
55;26;344.521;-119,13;31,94
55;27;344.521;-119.098;33,20
55;28;344.521;-119.065;34,66
55;29;344.521;-119.033;35,35
55;30;344.521;-119;35,66
55;31;344.521;-118.968;35,39
55;32;344.521;-118.936;35,37
55;33;344.521;-118.903;32,61
55;34;344.521;-118.871;29,42
55;35;344.521;-118.838;28,34
55;36;344.521;-118.806;28,80
55;37;344.521;-118.773;28,72
55;38;344.521;-118.741;28,08
55;39;344.521;-118.708;27,73
55;40;344.521;-118.676;27,62
55;41;344.521;-118.643;27,25
55;42;344.521;-118.611;27,07
55;43;344.521;-118.579;27,04
55;44;344.521;-118.546;27,51
55;45;344.521;-118.514;28,65
55;46;344.521;-118.481;30,40
55;47;344.521;-118.449;32,30
55;48;344.521;-118.416;34,19
55;49;344.521;-118.384;36,20
55;50;344.521;-118.351;38,10
55;51;344.521;-118.319;40,15
55;52;344.521;-118.286;41,78
55;53;344.521;-118.254;43,56
55;54;344.521;-118.221;45,34
55;55;344.521;-118.189;46,59
55;56;344.521;-118.157;47,21
55;57;344.521;-118.124;47,46
55;58;344.521;-118.092;48,17
55;59;344.521;-118.059;49,15
55;60;344.521;-118.027;49,70
55;61;344.521;-117.994;49,39
55;62;344.521;-117.962;48,69
55;63;344.521;-117.929;48,36
55;64;344.521;-117.897;48,50
55;65;344.521;-117.864;48,81
55;66;344.521;-117.832;49,20
55;67;344.521;-117.799;50,25
55;68;344.521;-117.767;51,04
55;69;344.521;-117.735;51,62
55;70;344.521;-117.702;52,04
55;71;344.521;-117,67;51,95
55;72;344.521;-117.637;51,41
55;73;344.521;-117.605;50,66
55;74;344.521;-117.572;49,92
55;75;344.521;-117,54;49,40
55;76;344.521;-117.507;49,08
55;77;344.521;-117.475;48,42
55;78;344.521;-117.442;47,38
55;79;344.521;-117,41;45,74
55;80;344.521;-117.378;44,15
55;81;344.521;-117.345;42,91
55;82;344.521;-117.313;42,02
55;83;344.521;-117,28;41,05
55;84;344.521;-117.248;40,91
55;85;344.521;-117.215;41,74
55;86;344.521;-117.183;42,77
55;87;344.521;-117,15;43,99
55;88;344.521;-117.118;45,48
55;89;344.521;-117.085;46,09
55;90;344.521;-117.053;45,87
55;91;344.521;-117,02;45,28
55;92;344.521;-116.988;44,78
55;93;344.521;-116.956;44,10
55;94;344.521;-116.923;43,40
55;95;344.521;-116.891;43,26
55;96;344.521;-116.858;43,16
55;97;344.521;-116.826;44,06
55;98;344.521;-116.793;44,45
55;99;344.521;-116.761;44,76
56;1;344.789;-119.942;27,87
56;2;344.789;-119.909;28,31
56;3;344.789;-119.877;29,21
56;4;344.789;-119.844;30,88
56;5;344.789;-119.812;32,92
56;6;344.789;-119,78;33,85
56;7;344.789;-119.747;37,36
56;8;344.789;-119.715;38,32
56;9;344.789;-119.682;35,55
56;10;344.789;-119,65;34,63
56;11;344.789;-119.617;35,35
56;12;344.789;-119.585;36,60
56;13;344.789;-119.552;38,38
56;14;344.789;-119,52;39,28
56;15;344.789;-119.487;38,28
56;16;344.789;-119.455;36,97
56;17;344.789;-119.422;35,93
56;18;344.789;-119,39;31,79
56;19;344.789;-119.358;27,25
56;20;344.789;-119.325;26,77
56;21;344.789;-119.293;27,26
56;22;344.789;-119,26;27,45
56;23;344.789;-119.228;28,01
56;24;344.789;-119.195;29,44
56;25;344.789;-119.163;31,86
56;26;344.789;-119,13;33,78
56;27;344.789;-119.098;34,99
56;28;344.789;-119.065;36,45
56;29;344.789;-119.033;37,13
56;30;344.789;-119;37,14
56;31;344.789;-118.968;36,81
56;32;344.789;-118.936;37,86
56;33;344.789;-118.903;36,97
56;34;344.789;-118.871;33,49
56;35;344.789;-118.838;30,05
56;36;344.789;-118.806;29,44
56;37;344.789;-118.773;29,51
56;38;344.789;-118.741;28,68
56;39;344.789;-118.708;27,81
56;40;344.789;-118.676;27,33
56;41;344.789;-118.643;27,02
56;42;344.789;-118.611;26,90
56;43;344.789;-118.579;26,84
56;44;344.789;-118.546;27,23
56;45;344.789;-118.514;28,20
56;46;344.789;-118.481;29,73
56;47;344.789;-118.449;31,71
56;48;344.789;-118.416;33,85
56;49;344.789;-118.384;36,08
56;50;344.789;-118.351;37,97
56;51;344.789;-118.319;39,65
56;52;344.789;-118.286;41,10
56;53;344.789;-118.254;42,51
56;54;344.789;-118.221;43,83
56;55;344.789;-118.189;44,72
56;56;344.789;-118.157;45,09
56;57;344.789;-118.124;44,94
56;58;344.789;-118.092;45,01
56;59;344.789;-118.059;45,41
56;60;344.789;-118.027;45,65
56;61;344.789;-117.994;45,29
56;62;344.789;-117.962;44,56
56;63;344.789;-117.929;44,14
56;64;344.789;-117.897;44,31
56;65;344.789;-117.864;44,53
56;66;344.789;-117.832;44,67
56;67;344.789;-117.799;45,07
56;68;344.789;-117.767;45,53
56;69;344.789;-117.735;45,95
56;70;344.789;-117.702;46,20
56;71;344.789;-117,67;46,43
56;72;344.789;-117.637;46,77
56;73;344.789;-117.605;47,03
56;74;344.789;-117.572;47,11
56;75;344.789;-117,54;47,08
56;76;344.789;-117.507;46,88
56;77;344.789;-117.475;46,25
56;78;344.789;-117.442;45,38
56;79;344.789;-117,41;44,06
56;80;344.789;-117.378;42,97
56;81;344.789;-117.345;42,35
56;82;344.789;-117.313;41,60
56;83;344.789;-117,28;40,64
56;84;344.789;-117.248;40,40
56;85;344.789;-117.215;41,18
56;86;344.789;-117.183;42,04
56;87;344.789;-117,15;42,84
56;88;344.789;-117.118;43,93
56;89;344.789;-117.085;44,52
56;90;344.789;-117.053;44,29
56;91;344.789;-117,02;43,56
56;92;344.789;-116.988;43,18
56;93;344.789;-116.956;42,79
56;94;344.789;-116.923;42,16
56;95;344.789;-116.891;42,00
56;96;344.789;-116.858;42,46
56;97;344.789;-116.826;43,93
56;98;344.789;-116.793;44,84
56;99;344.789;-116.761;45,45
57;1;345.057;-119.942;26,99
57;2;345.057;-119.909;26,87
57;3;345.057;-119.877;27,51
57;4;345.057;-119.844;29,06
57;5;345.057;-119.812;31,34
57;6;345.057;-119,78;31,78
57;7;345.057;-119.747;33,02
57;8;345.057;-119.715;32,42
57;9;345.057;-119.682;33,36
57;10;345.057;-119,65;34,34
57;11;345.057;-119.617;36,13
57;12;345.057;-119.585;38,28
57;13;345.057;-119.552;40,31
57;14;345.057;-119,52;41,28
57;15;345.057;-119.487;41,23
57;16;345.057;-119.455;41,15
57;17;345.057;-119.422;39,60
57;18;345.057;-119,39;35,69
57;19;345.057;-119.358;30,16
57;20;345.057;-119.325;29,14
57;21;345.057;-119.293;29,62
57;22;345.057;-119,26;29,49
57;23;345.057;-119.228;29,96
57;24;345.057;-119.195;31,29
57;25;345.057;-119.163;33,69
57;26;345.057;-119,13;35,52
57;27;345.057;-119.098;36,50
57;28;345.057;-119.065;37,65
57;29;345.057;-119.033;38,49
57;30;345.057;-119;38,49
57;31;345.057;-118.968;38,16
57;32;345.057;-118.936;39,49
57;33;345.057;-118.903;40,73
57;34;345.057;-118.871;39,28
57;35;345.057;-118.838;33,88
57;36;345.057;-118.806;30,50
57;37;345.057;-118.773;30,17
57;38;345.057;-118.741;29,60
57;39;345.057;-118.708;28,27
57;40;345.057;-118.676;27,46
57;41;345.057;-118.643;27,26
57;42;345.057;-118.611;27,27
57;43;345.057;-118.579;27,54
57;44;345.057;-118.546;27,87
57;45;345.057;-118.514;28,55
57;46;345.057;-118.481;29,61
57;47;345.057;-118.449;31,30
57;48;345.057;-118.416;33,35
57;49;345.057;-118.384;35,70
57;50;345.057;-118.351;37,79
57;51;345.057;-118.319;39,56
57;52;345.057;-118.286;40,91
57;53;345.057;-118.254;41,98
57;54;345.057;-118.221;42,73
57;55;345.057;-118.189;43,16
57;56;345.057;-118.157;43,22
57;57;345.057;-118.124;42,79
57;58;345.057;-118.092;42,26
57;59;345.057;-118.059;42,01
57;60;345.057;-118.027;41,94
57;61;345.057;-117.994;41,59
57;62;345.057;-117.962;40,92
57;63;345.057;-117.929;40,52
57;64;345.057;-117.897;40,66
57;65;345.057;-117.864;40,84
57;66;345.057;-117.832;40,92
57;67;345.057;-117.799;41,17
57;68;345.057;-117.767;41,54
57;69;345.057;-117.735;42,12
57;70;345.057;-117.702;42,64
57;71;345.057;-117,67;43,18
57;72;345.057;-117.637;43,77
57;73;345.057;-117.605;44,48
57;74;345.057;-117.572;44,90
57;75;345.057;-117,54;45,08
57;76;345.057;-117.507;44,91
57;77;345.057;-117.475;44,42
57;78;345.057;-117.442;43,90
57;79;345.057;-117,41;43,27
57;80;345.057;-117.378;42,84
57;81;345.057;-117.345;42,38
57;82;345.057;-117.313;41,82
57;83;345.057;-117,28;41,27
57;84;345.057;-117.248;40,98
57;85;345.057;-117.215;41,76
57;86;345.057;-117.183;42,56
57;87;345.057;-117,15;42,87
57;88;345.057;-117.118;43,53
57;89;345.057;-117.085;43,99
57;90;345.057;-117.053;44,03
57;91;345.057;-117,02;43,57
57;92;345.057;-116.988;43,16
57;93;345.057;-116.956;42,47
57;94;345.057;-116.923;41,65
57;95;345.057;-116.891;41,64
57;96;345.057;-116.858;42,47
57;97;345.057;-116.826;44,20
57;98;345.057;-116.793;45,37
57;99;345.057;-116.761;46,31
58;1;345.324;-119.942;27,74
58;2;345.324;-119.909;27,41
58;3;345.324;-119.877;27,55
58;4;345.324;-119.844;28,08
58;5;345.324;-119.812;28,71
58;6;345.324;-119,78;29,09
58;7;345.324;-119.747;29,55
58;8;345.324;-119.715;29,77
58;9;345.324;-119.682;31,29
58;10;345.324;-119,65;33,09
58;11;345.324;-119.617;35,75
58;12;345.324;-119.585;39,19
58;13;345.324;-119.552;42,65
58;14;345.324;-119,52;45,07
58;15;345.324;-119.487;45,86
58;16;345.324;-119.455;46,13
58;17;345.324;-119.422;44,89
58;18;345.324;-119,39;40,19
58;19;345.324;-119.358;34,24
58;20;345.324;-119.325;32,64
58;21;345.324;-119.293;32,99
58;22;345.324;-119,26;32,57
58;23;345.324;-119.228;32,97
58;24;345.324;-119.195;33,86
58;25;345.324;-119.163;35,69
58;26;345.324;-119,13;37,11
58;27;345.324;-119.098;37,80
58;28;345.324;-119.065;38,45
58;29;345.324;-119.033;39,38
58;30;345.324;-119;39,70
58;31;345.324;-118.968;39,89
58;32;345.324;-118.936;41,00
58;33;345.324;-118.903;43,16
58;34;345.324;-118.871;44,57
58;35;345.324;-118.838;40,13
58;36;345.324;-118.806;33,12
58;37;345.324;-118.773;30,76
58;38;345.324;-118.741;30,64
58;39;345.324;-118.708;29,20
58;40;345.324;-118.676;27,97
58;41;345.324;-118.643;27,86
58;42;345.324;-118.611;27,95
58;43;345.324;-118.579;28,81
58;44;345.324;-118.546;29,26
58;45;345.324;-118.514;29,85
58;46;345.324;-118.481;30,41
58;47;345.324;-118.449;31,72
58;48;345.324;-118.416;33,38
58;49;345.324;-118.384;35,50
58;50;345.324;-118.351;37,58
58;51;345.324;-118.319;39,55
58;52;345.324;-118.286;41,02
58;53;345.324;-118.254;41,85
58;54;345.324;-118.221;42,25
58;55;345.324;-118.189;42,10
58;56;345.324;-118.157;41,77
58;57;345.324;-118.124;41,04
58;58;345.324;-118.092;40,07
58;59;345.324;-118.059;39,30
58;60;345.324;-118.027;38,95
58;61;345.324;-117.994;38,63
58;62;345.324;-117.962;38,11
58;63;345.324;-117.929;37,87
58;64;345.324;-117.897;38,03
58;65;345.324;-117.864;38,25
58;66;345.324;-117.832;38,32
58;67;345.324;-117.799;38,47
58;68;345.324;-117.767;38,77
58;69;345.324;-117.735;39,35
58;70;345.324;-117.702;40,08
58;71;345.324;-117,67;40,84
58;72;345.324;-117.637;41,53
58;73;345.324;-117.605;42,33
58;74;345.324;-117.572;42,84
58;75;345.324;-117,54;43,14
58;76;345.324;-117.507;43,18
58;77;345.324;-117.475;43,04
58;78;345.324;-117.442;43,01
58;79;345.324;-117,41;43,08
58;80;345.324;-117.378;43,11
58;81;345.324;-117.345;42,89
58;82;345.324;-117.313;42,82
58;83;345.324;-117,28;42,61
58;84;345.324;-117.248;41,96
58;85;345.324;-117.215;42,32
58;86;345.324;-117.183;42,74
58;87;345.324;-117,15;43,01
58;88;345.324;-117.118;43,58
58;89;345.324;-117.085;43,51
58;90;345.324;-117.053;43,56
58;91;345.324;-117,02;43,76
58;92;345.324;-116.988;43,92
58;93;345.324;-116.956;43,64
58;94;345.324;-116.923;42,99
58;95;345.324;-116.891;42,96
58;96;345.324;-116.858;43,75
58;97;345.324;-116.826;45,35
58;98;345.324;-116.793;46,61
58;99;345.324;-116.761;47,80
59;1;345.592;-119.942;28,71
59;2;345.592;-119.909;28,15
59;3;345.592;-119.877;28,14
59;4;345.592;-119.844;28,39
59;5;345.592;-119.812;28,62
59;6;345.592;-119,78;28,68
59;7;345.592;-119.747;29,14
59;8;345.592;-119.715;29,88
59;9;345.592;-119.682;31,65
59;10;345.592;-119,65;33,74
59;11;345.592;-119.617;36,79
59;12;345.592;-119.585;40,81
59;13;345.592;-119.552;45,21
59;14;345.592;-119,52;48,85
59;15;345.592;-119.487;50,85
59;16;345.592;-119.455;51,93
59;17;345.592;-119.422;50,94
59;18;345.592;-119,39;45,22
59;19;345.592;-119.358;36,27
59;20;345.592;-119.325;34,59
59;21;345.592;-119.293;34,83
59;22;345.592;-119,26;34,48
59;23;345.592;-119.228;34,91
59;24;345.592;-119.195;35,53
59;25;345.592;-119.163;36,91
59;26;345.592;-119,13;38,04
59;27;345.592;-119.098;38,74
59;28;345.592;-119.065;39,48
59;29;345.592;-119.033;40,39
59;30;345.592;-119;40,96
59;31;345.592;-118.968;41,46
59;32;345.592;-118.936;42,44
59;33;345.592;-118.903;44,33
59;34;345.592;-118.871;46,89
59;35;345.592;-118.838;45,40
59;36;345.592;-118.806;37,15
59;37;345.592;-118.773;31,26
59;38;345.592;-118.741;31,04
59;39;345.592;-118.708;30,19
59;40;345.592;-118.676;28,87
59;41;345.592;-118.643;28,85
59;42;345.592;-118.611;28,98
59;43;345.592;-118.579;29,87
59;44;345.592;-118.546;30,54
59;45;345.592;-118.514;31,22
59;46;345.592;-118.481;31,78
59;47;345.592;-118.449;32,75
59;48;345.592;-118.416;33,88
59;49;345.592;-118.384;35,32
59;50;345.592;-118.351;36,82
59;51;345.592;-118.319;38,31
59;52;345.592;-118.286;39,66
59;53;345.592;-118.254;40,59
59;54;345.592;-118.221;40,89
59;55;345.592;-118.189;40,55
59;56;345.592;-118.157;39,99
59;57;345.592;-118.124;39,18
59;58;345.592;-118.092;38,18
59;59;345.592;-118.059;37,39
59;60;345.592;-118.027;36,92
59;61;345.592;-117.994;36,52
59;62;345.592;-117.962;36,03
59;63;345.592;-117.929;35,86
59;64;345.592;-117.897;36,03
59;65;345.592;-117.864;36,28
59;66;345.592;-117.832;36,40
59;67;345.592;-117.799;36,56
59;68;345.592;-117.767;36,83
59;69;345.592;-117.735;37,40
59;70;345.592;-117.702;38,23
59;71;345.592;-117,67;39,07
59;72;345.592;-117.637;39,69
59;73;345.592;-117.605;40,35
59;74;345.592;-117.572;40,91
59;75;345.592;-117,54;41,57
59;76;345.592;-117.507;42,10
59;77;345.592;-117.475;42,32
59;78;345.592;-117.442;42,42
59;79;345.592;-117,41;42,76
59;80;345.592;-117.378;42,85
59;81;345.592;-117.345;42,98
59;82;345.592;-117.313;43,10
59;83;345.592;-117,28;43,33
59;84;345.592;-117.248;43,17
59;85;345.592;-117.215;42,92
59;86;345.592;-117.183;42,68
59;87;345.592;-117,15;43,13
59;88;345.592;-117.118;43,73
59;89;345.592;-117.085;43,77
59;90;345.592;-117.053;43,70
59;91;345.592;-117,02;44,02
59;92;345.592;-116.988;44,36
59;93;345.592;-116.956;44,37
59;94;345.592;-116.923;44,06
59;95;345.592;-116.891;44,29
59;96;345.592;-116.858;45,13
59;97;345.592;-116.826;46,62
59;98;345.592;-116.793;47,99
59;99;345.592;-116.761;49,34
60;1;345.859;-119.942;30,35
60;2;345.859;-119.909;29,71
60;3;345.859;-119.877;29,82
60;4;345.859;-119.844;30,26
60;5;345.859;-119.812;30,66
60;6;345.859;-119,78;30,98
60;7;345.859;-119.747;31,50
60;8;345.859;-119.715;32,15
60;9;345.859;-119.682;33,56
60;10;345.859;-119,65;35,71
60;11;345.859;-119.617;38,81
60;12;345.859;-119.585;42,97
60;13;345.859;-119.552;47,99
60;14;345.859;-119,52;52,83
60;15;345.859;-119.487;55,93
60;16;345.859;-119.455;57,98
60;17;345.859;-119.422;57,50
60;18;345.859;-119,39;50,05
60;19;345.859;-119.358;37,66
60;20;345.859;-119.325;36,51
60;21;345.859;-119.293;36,48
60;22;345.859;-119,26;36,60
60;23;345.859;-119.228;37,07
60;24;345.859;-119.195;37,60
60;25;345.859;-119.163;38,49
60;26;345.859;-119,13;39,33
60;27;345.859;-119.098;39,94
60;28;345.859;-119.065;40,68
60;29;345.859;-119.033;41,56
60;30;345.859;-119;42,31
60;31;345.859;-118.968;43,17
60;32;345.859;-118.936;44,16
60;33;345.859;-118.903;45,63
60;34;345.859;-118.871;47,95
60;35;345.859;-118.838;48,83
60;36;345.859;-118.806;42,38
60;37;345.859;-118.773;32,95
60;38;345.859;-118.741;31,25
60;39;345.859;-118.708;31,37
60;40;345.859;-118.676;30,22
60;41;345.859;-118.643;30,33
60;42;345.859;-118.611;30,63
60;43;345.859;-118.579;31,41
60;44;345.859;-118.546;32,16
60;45;345.859;-118.514;32,80
60;46;345.859;-118.481;33,33
60;47;345.859;-118.449;34,07
60;48;345.859;-118.416;34,76
60;49;345.859;-118.384;35,57
60;50;345.859;-118.351;36,13
60;51;345.859;-118.319;36,81
60;52;345.859;-118.286;37,69
60;53;345.859;-118.254;38,25
60;54;345.859;-118.221;38,55
60;55;345.859;-118.189;38,34
60;56;345.859;-118.157;37,72
60;57;345.859;-118.124;37,08
60;58;345.859;-118.092;36,50
60;59;345.859;-118.059;36,07
60;60;345.859;-118.027;35,55
60;61;345.859;-117.994;35,05
60;62;345.859;-117.962;34,60
60;63;345.859;-117.929;34,53
60;64;345.859;-117.897;34,69
60;65;345.859;-117.864;34,96
60;66;345.859;-117.832;35,20
60;67;345.859;-117.799;35,45
60;68;345.859;-117.767;35,80
60;69;345.859;-117.735;36,37
60;70;345.859;-117.702;37,12
60;71;345.859;-117,67;37,89
60;72;345.859;-117.637;38,48
60;73;345.859;-117.605;38,87
60;74;345.859;-117.572;39,06
60;75;345.859;-117,54;39,41
60;76;345.859;-117.507;39,95
60;77;345.859;-117.475;40,59
60;78;345.859;-117.442;41,16
60;79;345.859;-117,41;41,62
60;80;345.859;-117.378;41,75
60;81;345.859;-117.345;42,16
60;82;345.859;-117.313;42,50
60;83;345.859;-117,28;43,28
60;84;345.859;-117.248;43,62
60;85;345.859;-117.215;43,55
60;86;345.859;-117.183;43,16
60;87;345.859;-117,15;43,25
60;88;345.859;-117.118;43,91
60;89;345.859;-117.085;44,09
60;90;345.859;-117.053;43,98
60;91;345.859;-117,02;44,46
60;92;345.859;-116.988;45,05
60;93;345.859;-116.956;45,41
60;94;345.859;-116.923;45,63
60;95;345.859;-116.891;46,13
60;96;345.859;-116.858;46,95
60;97;345.859;-116.826;48,26
60;98;345.859;-116.793;49,55
60;99;345.859;-116.761;50,90
61;1;346.126;-119.942;31,63
61;2;346.126;-119.909;31,36
61;3;346.126;-119.877;31,95
61;4;346.126;-119.844;32,96
61;5;346.126;-119.812;33,62
61;6;346.126;-119,78;34,43
61;7;346.126;-119.747;35,27
61;8;346.126;-119.715;35,71
61;9;346.126;-119.682;36,85
61;10;346.126;-119,65;38,74
61;11;346.126;-119.617;41,70
61;12;346.126;-119.585;45,43
61;13;346.126;-119.552;50,47
61;14;346.126;-119,52;55,89
61;15;346.126;-119.487;59,96
61;16;346.126;-119.455;63,06
61;17;346.126;-119.422;62,97
61;18;346.126;-119,39;51,67
61;19;346.126;-119.358;36,87
61;20;346.126;-119.325;37,58
61;21;346.126;-119.293;37,21
61;22;346.126;-119,26;38,17
61;23;346.126;-119.228;38,59
61;24;346.126;-119.195;39,24
61;25;346.126;-119.163;39,83
61;26;346.126;-119,13;40,45
61;27;346.126;-119.098;41,08
61;28;346.126;-119.065;41,81
61;29;346.126;-119.033;42,69
61;30;346.126;-119;43,54
61;31;346.126;-118.968;44,65
61;32;346.126;-118.936;45,71
61;33;346.126;-118.903;46,85
61;34;346.126;-118.871;48,41
61;35;346.126;-118.838;50,22
61;36;346.126;-118.806;47,08
61;37;346.126;-118.773;36,09
61;38;346.126;-118.741;31,63
61;39;346.126;-118.708;32,58
61;40;346.126;-118.676;32,15
61;41;346.126;-118.643;32,30
61;42;346.126;-118.611;32,96
61;43;346.126;-118.579;33,36
61;44;346.126;-118.546;34,07
61;45;346.126;-118.514;34,52
61;46;346.126;-118.481;35,11
61;47;346.126;-118.449;35,60
61;48;346.126;-118.416;35,83
61;49;346.126;-118.384;35,87
61;50;346.126;-118.351;35,72
61;51;346.126;-118.319;36,10
61;52;346.126;-118.286;36,03
61;53;346.126;-118.254;35,93
61;54;346.126;-118.221;35,87
61;55;346.126;-118.189;35,73
61;56;346.126;-118.157;35,25
61;57;346.126;-118.124;35,06
61;58;346.126;-118.092;35,21
61;59;346.126;-118.059;35,33
61;60;346.126;-118.027;34,88
61;61;346.126;-117.994;34,33
61;62;346.126;-117.962;33,93
61;63;346.126;-117.929;33,89
61;64;346.126;-117.897;34,10
61;65;346.126;-117.864;34,43
61;66;346.126;-117.832;34,78
61;67;346.126;-117.799;35,09
61;68;346.126;-117.767;35,45
61;69;346.126;-117.735;35,95
61;70;346.126;-117.702;36,59
61;71;346.126;-117,67;37,23
61;72;346.126;-117.637;37,60
61;73;346.126;-117.605;37,89
61;74;346.126;-117.572;37,75
61;75;346.126;-117,54;37,57
61;76;346.126;-117.507;37,69
61;77;346.126;-117.475;38,24
61;78;346.126;-117.442;38,80
61;79;346.126;-117,41;39,43
61;80;346.126;-117.378;39,87
61;81;346.126;-117.345;40,33
61;82;346.126;-117.313;40,81
61;83;346.126;-117,28;42,30
61;84;346.126;-117.248;43,49
61;85;346.126;-117.215;43,96
61;86;346.126;-117.183;43,56
61;87;346.126;-117,15;43,41
61;88;346.126;-117.118;44,05
61;89;346.126;-117.085;44,56
61;90;346.126;-117.053;44,65
61;91;346.126;-117,02;44,97
61;92;346.126;-116.988;45,46
61;93;346.126;-116.956;45,99
61;94;346.126;-116.923;46,69
61;95;346.126;-116.891;47,68
61;96;346.126;-116.858;48,98
61;97;346.126;-116.826;50,20
61;98;346.126;-116.793;51,39
61;99;346.126;-116.761;52,39
62;1;346.393;-119.942;34,03
62;2;346.393;-119.909;34,56
62;3;346.393;-119.877;35,57
62;4;346.393;-119.844;36,83
62;5;346.393;-119.812;37,76
62;6;346.393;-119,78;39,04
62;7;346.393;-119.747;40,09
62;8;346.393;-119.715;40,38
62;9;346.393;-119.682;41,15
62;10;346.393;-119,65;42,78
62;11;346.393;-119.617;45,64
62;12;346.393;-119.585;49,27
62;13;346.393;-119.552;54,13
62;14;346.393;-119,52;59,63
62;15;346.393;-119.487;64,14
62;16;346.393;-119.455;67,78
62;17;346.393;-119.422;68,09
62;18;346.393;-119,39;49,05
62;19;346.393;-119.358;35,15
62;20;346.393;-119.325;37,69
62;21;346.393;-119.293;37,12
62;22;346.393;-119,26;38,86
62;23;346.393;-119.228;39,46
62;24;346.393;-119.195;40,46
62;25;346.393;-119.163;41,10
62;26;346.393;-119,13;41,71
62;27;346.393;-119.098;42,38
62;28;346.393;-119.065;43,16
62;29;346.393;-119.033;44,00
62;30;346.393;-119;44,84
62;31;346.393;-118.968;45,97
62;32;346.393;-118.936;46,92
62;33;346.393;-118.903;47,86
62;34;346.393;-118.871;48,78
62;35;346.393;-118.838;50,59
62;36;346.393;-118.806;50,60
62;37;346.393;-118.773;40,67
62;38;346.393;-118.741;32,58
62;39;346.393;-118.708;33,22
62;40;346.393;-118.676;33,55
62;41;346.393;-118.643;33,52
62;42;346.393;-118.611;34,50
62;43;346.393;-118.579;34,85
62;44;346.393;-118.546;35,32
62;45;346.393;-118.514;35,43
62;46;346.393;-118.481;35,58
62;47;346.393;-118.449;35,86
62;48;346.393;-118.416;35,79
62;49;346.393;-118.384;35,56
62;50;346.393;-118.351;35,39
62;51;346.393;-118.319;35,07
62;52;346.393;-118.286;34,66
62;53;346.393;-118.254;34,25
62;54;346.393;-118.221;33,89
62;55;346.393;-118.189;33,67
62;56;346.393;-118.157;33,50
62;57;346.393;-118.124;33,56
62;58;346.393;-118.092;34,12
62;59;346.393;-118.059;34,55
62;60;346.393;-118.027;34,23
62;61;346.393;-117.994;33,73
62;62;346.393;-117.962;33,39
62;63;346.393;-117.929;33,35
62;64;346.393;-117.897;33,58
62;65;346.393;-117.864;33,96
62;66;346.393;-117.832;34,41
62;67;346.393;-117.799;34,79
62;68;346.393;-117.767;35,14
62;69;346.393;-117.735;35,60
62;70;346.393;-117.702;36,18
62;71;346.393;-117,67;36,66
62;72;346.393;-117.637;36,83
62;73;346.393;-117.605;37,39
62;74;346.393;-117.572;37,45
62;75;346.393;-117,54;37,26
62;76;346.393;-117.507;36,91
62;77;346.393;-117.475;36,82
62;78;346.393;-117.442;37,11
62;79;346.393;-117,41;37,76
62;80;346.393;-117.378;38,25
62;81;346.393;-117.345;38,87
62;82;346.393;-117.313;39,66
62;83;346.393;-117,28;40,86
62;84;346.393;-117.248;42,28
62;85;346.393;-117.215;43,45
62;86;346.393;-117.183;43,60
62;87;346.393;-117,15;43,58
62;88;346.393;-117.118;44,37
62;89;346.393;-117.085;45,09
62;90;346.393;-117.053;45,18
62;91;346.393;-117,02;45,24
62;92;346.393;-116.988;45,67
62;93;346.393;-116.956;46,49
62;94;346.393;-116.923;47,83
62;95;346.393;-116.891;48,98
62;96;346.393;-116.858;50,26
62;97;346.393;-116.826;51,54
62;98;346.393;-116.793;52,62
62;99;346.393;-116.761;53,24
63;1;34.666;-119.942;37,75
63;2;34.666;-119.909;38,96
63;3;34.666;-119.877;40,33
63;4;34.666;-119.844;41,58
63;5;34.666;-119.812;42,45
63;6;34.666;-119,78;44,39
63;7;34.666;-119.747;46,07
63;8;34.666;-119.715;46,57
63;9;34.666;-119.682;47,19
63;10;34.666;-119,65;48,59
63;11;34.666;-119.617;51,09
63;12;34.666;-119.585;54,78
63;13;34.666;-119.552;59,28
63;14;34.666;-119,52;64,40
63;15;34.666;-119.487;68,20
63;16;34.666;-119.455;71,63
63;17;34.666;-119.422;72,47
63;18;34.666;-119,39;46,32
63;19;34.666;-119.358;33,90
63;20;34.666;-119.325;36,61
63;21;34.666;-119.293;36,39
63;22;34.666;-119,26;38,26
63;23;34.666;-119.228;39,66
63;24;34.666;-119.195;41,15
63;25;34.666;-119.163;42,15
63;26;34.666;-119,13;42,98
63;27;34.666;-119.098;43,75
63;28;34.666;-119.065;44,57
63;29;34.666;-119.033;45,35
63;30;34.666;-119;46,07
63;31;34.666;-118.968;47,09
63;32;34.666;-118.936;47,84
63;33;34.666;-118.903;48,75
63;34;34.666;-118.871;49,09
63;35;34.666;-118.838;50,45
63;36;34.666;-118.806;52,46
63;37;34.666;-118.773;46,36
63;38;34.666;-118.741;34,59
63;39;34.666;-118.708;33,41
63;40;34.666;-118.676;35,02
63;41;34.666;-118.643;34,67
63;42;34.666;-118.611;35,69
63;43;34.666;-118.579;35,93
63;44;34.666;-118.546;36,07
63;45;34.666;-118.514;35,64
63;46;34.666;-118.481;35,00
63;47;34.666;-118.449;35,33
63;48;34.666;-118.416;35,09
63;49;34.666;-118.384;34,63
63;50;34.666;-118.351;34,19
63;51;34.666;-118.319;33,69
63;52;34.666;-118.286;33,17
63;53;34.666;-118.254;32,74
63;54;34.666;-118.221;32,40
63;55;34.666;-118.189;32,27
63;56;34.666;-118.157;32,39
63;57;34.666;-118.124;32,90
63;58;34.666;-118.092;33,44
63;59;34.666;-118.059;33,79
63;60;34.666;-118.027;33,71
63;61;34.666;-117.994;33,29
63;62;34.666;-117.962;33,00
63;63;34.666;-117.929;32,95
63;64;34.666;-117.897;33,19
63;65;34.666;-117.864;33,60
63;66;34.666;-117.832;34,11
63;67;34.666;-117.799;34,59
63;68;34.666;-117.767;35,00
63;69;34.666;-117.735;35,47
63;70;34.666;-117.702;36,06
63;71;34.666;-117,67;36,56
63;72;34.666;-117.637;36,89
63;73;34.666;-117.605;37,52
63;74;34.666;-117.572;37,68
63;75;34.666;-117,54;37,22
63;76;34.666;-117.507;36,11
63;77;34.666;-117.475;35,41
63;78;34.666;-117.442;35,71
63;79;34.666;-117,41;36,12
63;80;34.666;-117.378;36,49
63;81;34.666;-117.345;37,08
63;82;34.666;-117.313;38,18
63;83;34.666;-117,28;39,72
63;84;34.666;-117.248;41,42
63;85;34.666;-117.215;42,61
63;86;34.666;-117.183;43,37
63;87;34.666;-117,15;43,82
63;88;34.666;-117.118;44,54
63;89;34.666;-117.085;45,03
63;90;34.666;-117.053;45,12
63;91;34.666;-117,02;45,01
63;92;34.666;-116.988;45,49
63;93;34.666;-116.956;46,43
63;94;34.666;-116.923;47,53
63;95;34.666;-116.891;48,80
63;96;34.666;-116.858;49,95
63;97;34.666;-116.826;51,22
63;98;34.666;-116.793;52,20
63;99;34.666;-116.761;52,69
64;1;346.927;-119.942;43,05
64;2;346.927;-119.909;45,05
64;3;346.927;-119.877;47,00
64;4;346.927;-119.844;48,19
64;5;346.927;-119.812;48,84
64;6;346.927;-119,78;50,95
64;7;346.927;-119.747;53,11
64;8;346.927;-119.715;54,47
64;9;346.927;-119.682;55,46
64;10;346.927;-119,65;57,11
64;11;346.927;-119.617;59,78
64;12;346.927;-119.585;63,22
64;13;346.927;-119.552;67,19
64;14;346.927;-119,52;71,21
64;15;346.927;-119.487;72,57
64;16;346.927;-119.455;74,44
64;17;346.927;-119.422;74,30
64;18;346.927;-119,39;45,10
64;19;346.927;-119.358;31,91
64;20;346.927;-119.325;34,77
64;21;346.927;-119.293;34,42
64;22;346.927;-119,26;37,73
64;23;346.927;-119.228;39,01
64;24;346.927;-119.195;41,29
64;25;346.927;-119.163;43,06
64;26;346.927;-119,13;44,39
64;27;346.927;-119.098;45,19
64;28;346.927;-119.065;46,06
64;29;346.927;-119.033;46,73
64;30;346.927;-119;47,16
64;31;346.927;-118.968;47,85
64;32;346.927;-118.936;48,15
64;33;346.927;-118.903;48,95
64;34;346.927;-118.871;49,93
64;35;346.927;-118.838;51,01
64;36;346.927;-118.806;52,94
64;37;346.927;-118.773;52,03
64;38;346.927;-118.741;38,48
64;39;346.927;-118.708;33,16
64;40;346.927;-118.676;35,98
64;41;346.927;-118.643;35,58
64;42;346.927;-118.611;36,19
64;43;346.927;-118.579;36,55
64;44;346.927;-118.546;35,94
64;45;346.927;-118.514;35,23
64;46;346.927;-118.481;34,33
64;47;346.927;-118.449;34,19
64;48;346.927;-118.416;33,60
64;49;346.927;-118.384;33,10
64;50;346.927;-118.351;32,52
64;51;346.927;-118.319;31,95
64;52;346.927;-118.286;31,44
64;53;346.927;-118.254;31,07
64;54;346.927;-118.221;30,90
64;55;346.927;-118.189;31,00
64;56;346.927;-118.157;31,15
64;57;346.927;-118.124;31,68
64;58;346.927;-118.092;32,43
64;59;346.927;-118.059;33,12
64;60;346.927;-118.027;33,25
64;61;346.927;-117.994;32,95
64;62;346.927;-117.962;32,66
64;63;346.927;-117.929;32,59
64;64;346.927;-117.897;32,83
64;65;346.927;-117.864;33,22
64;66;346.927;-117.832;33,72
64;67;346.927;-117.799;34,26
64;68;346.927;-117.767;34,78
64;69;346.927;-117.735;35,33
64;70;346.927;-117.702;36,07
64;71;346.927;-117,67;37,17
64;72;346.927;-117.637;38,09
64;73;346.927;-117.605;38,24
64;74;346.927;-117.572;38,31
64;75;346.927;-117,54;37,14
64;76;346.927;-117.507;35,46
64;77;346.927;-117.475;34,68
64;78;346.927;-117.442;34,82
64;79;346.927;-117,41;35,23
64;80;346.927;-117.378;35,72
64;81;346.927;-117.345;36,24
64;82;346.927;-117.313;37,21
64;83;346.927;-117,28;38,41
64;84;346.927;-117.248;39,99
64;85;346.927;-117.215;41,73
64;86;346.927;-117.183;42,99
64;87;346.927;-117,15;43,77
64;88;346.927;-117.118;44,21
64;89;346.927;-117.085;44,36
64;90;346.927;-117.053;44,33
64;91;346.927;-117,02;44,09
64;92;346.927;-116.988;44,43
64;93;346.927;-116.956;45,33
64;94;346.927;-116.923;46,82
64;95;346.927;-116.891;48,33
64;96;346.927;-116.858;49,72
64;97;346.927;-116.826;51,04
64;98;346.927;-116.793;52,01
64;99;346.927;-116.761;52,52
65;1;347.194;-119.942;47,98
65;2;347.194;-119.909;50,43
65;3;347.194;-119.877;52,86
65;4;347.194;-119.844;54,37
65;5;347.194;-119.812;54,73
65;6;347.194;-119,78;56,46
65;7;347.194;-119.747;59,50
65;8;347.194;-119.715;62,14
65;9;347.194;-119.682;63,93
65;10;347.194;-119,65;65,95
65;11;347.194;-119.617;68,70
65;12;347.194;-119.585;71,72
65;13;347.194;-119.552;75,18
65;14;347.194;-119,52;77,93
65;15;347.194;-119.487;78,09
65;16;347.194;-119.455;77,24
65;17;347.194;-119.422;75,42
65;18;347.194;-119,39;45,24
65;19;347.194;-119.358;30,76
65;20;347.194;-119.325;34,27
65;21;347.194;-119.293;33,83
65;22;347.194;-119,26;37,43
65;23;347.194;-119.228;39,51
65;24;347.194;-119.195;42,17
65;25;347.194;-119.163;44,42
65;26;347.194;-119,13;46,04
65;27;347.194;-119.098;46,89
65;28;347.194;-119.065;47,68
65;29;347.194;-119.033;48,18
65;30;347.194;-119;48,47
65;31;347.194;-118.968;48,88
65;32;347.194;-118.936;48,98
65;33;347.194;-118.903;49,72
65;34;347.194;-118.871;50,75
65;35;347.194;-118.838;52,11
65;36;347.194;-118.806;53,87
65;37;347.194;-118.773;57,06
65;38;347.194;-118.741;45,40
65;39;347.194;-118.708;33,43
65;40;347.194;-118.676;35,64
65;41;347.194;-118.643;35,90
65;42;347.194;-118.611;35,63
65;43;347.194;-118.579;36,18
65;44;347.194;-118.546;35,47
65;45;347.194;-118.514;34,89
65;46;347.194;-118.481;33,72
65;47;347.194;-118.449;33,02
65;48;347.194;-118.416;32,33
65;49;347.194;-118.384;31,73
65;50;347.194;-118.351;31,20
65;51;347.194;-118.319;30,71
65;52;347.194;-118.286;30,25
65;53;347.194;-118.254;29,92
65;54;347.194;-118.221;29,79
65;55;347.194;-118.189;30,01
65;56;347.194;-118.157;30,28
65;57;347.194;-118.124;30,83
65;58;347.194;-118.092;31,58
65;59;347.194;-118.059;32,42
65;60;347.194;-118.027;32,83
65;61;347.194;-117.994;32,66
65;62;347.194;-117.962;32,36
65;63;347.194;-117.929;32,24
65;64;347.194;-117.897;32,43
65;65;347.194;-117.864;32,79
65;66;347.194;-117.832;33,28
65;67;347.194;-117.799;33,88
65;68;347.194;-117.767;34,49
65;69;347.194;-117.735;35,14
65;70;347.194;-117.702;35,85
65;71;347.194;-117,67;36,73
65;72;347.194;-117.637;37,90
65;73;347.194;-117.605;39,02
65;74;347.194;-117.572;38,79
65;75;347.194;-117,54;37,29
65;76;347.194;-117.507;35,38
65;77;347.194;-117.475;34,25
65;78;347.194;-117.442;34,13
65;79;347.194;-117,41;34,58
65;80;347.194;-117.378;35,26
65;81;347.194;-117.345;35,85
65;82;347.194;-117.313;36,71
65;83;347.194;-117,28;37,77
65;84;347.194;-117.248;38,94
65;85;347.194;-117.215;40,40
65;86;347.194;-117.183;41,83
65;87;347.194;-117,15;42,76
65;88;347.194;-117.118;43,26
65;89;347.194;-117.085;43,41
65;90;347.194;-117.053;43,38
65;91;347.194;-117,02;43,12
65;92;347.194;-116.988;43,40
65;93;347.194;-116.956;44,24
65;94;347.194;-116.923;45,58
65;95;347.194;-116.891;46,95
65;96;347.194;-116.858;48,38
65;97;347.194;-116.826;49,71
65;98;347.194;-116.793;50,44
65;99;347.194;-116.761;50,78
66;1;34.746;-119.942;52,58
66;2;34.746;-119.909;55,58
66;3;34.746;-119.877;57,65
66;4;34.746;-119.844;60,00
66;5;34.746;-119.812;60,32
66;6;34.746;-119,78;60,71
66;7;34.746;-119.747;63,42
66;8;34.746;-119.715;67,38
66;9;34.746;-119.682;70,62
66;10;34.746;-119,65;73,15
66;11;34.746;-119.617;76,21
66;12;34.746;-119.585;78,76
66;13;34.746;-119.552;81,03
66;14;34.746;-119,52;82,47
66;15;34.746;-119.487;81,66
66;16;34.746;-119.455;79,98
66;17;34.746;-119.422;76,87
66;18;34.746;-119,39;46,97
66;19;34.746;-119.358;29,35
66;20;34.746;-119.325;34,10
66;21;34.746;-119.293;33,83
66;22;34.746;-119,26;37,41
66;23;34.746;-119.228;40,33
66;24;34.746;-119.195;43,17
66;25;34.746;-119.163;45,82
66;26;34.746;-119,13;47,64
66;27;34.746;-119.098;48,53
66;28;34.746;-119.065;49,07
66;29;34.746;-119.033;49,43
66;30;34.746;-119;49,74
66;31;34.746;-118.968;50,21
66;32;34.746;-118.936;50,25
66;33;34.746;-118.903;51,42
66;34;34.746;-118.871;53,16
66;35;34.746;-118.838;55,03
66;36;34.746;-118.806;56,25
66;37;34.746;-118.773;61,48
66;38;34.746;-118.741;55,33
66;39;34.746;-118.708;35,55
66;40;34.746;-118.676;33,91
66;41;34.746;-118.643;35,64
66;42;34.746;-118.611;34,32
66;43;34.746;-118.579;34,85
66;44;34.746;-118.546;34,08
66;45;34.746;-118.514;33,45
66;46;34.746;-118.481;32,45
66;47;34.746;-118.449;31,70
66;48;34.746;-118.416;31,06
66;49;34.746;-118.384;30,54
66;50;34.746;-118.351;30,11
66;51;34.746;-118.319;29,76
66;52;34.746;-118.286;29,46
66;53;34.746;-118.254;29,33
66;54;34.746;-118.221;29,31
66;55;34.746;-118.189;29,52
66;56;34.746;-118.157;29,78
66;57;34.746;-118.124;30,28
66;58;34.746;-118.092;30,92
66;59;34.746;-118.059;31,68
66;60;34.746;-118.027;32,36
66;61;34.746;-117.994;32,41
66;62;34.746;-117.962;32,10
66;63;34.746;-117.929;31,89
66;64;34.746;-117.897;31,98
66;65;34.746;-117.864;32,28
66;66;34.746;-117.832;32,73
66;67;34.746;-117.799;33,33
66;68;34.746;-117.767;34,03
66;69;34.746;-117.735;34,77
66;70;34.746;-117.702;35,54
66;71;34.746;-117,67;36,39
66;72;34.746;-117.637;37,28
66;73;34.746;-117.605;38,08
66;74;34.746;-117.572;38,37
66;75;34.746;-117,54;37,39
66;76;34.746;-117.507;35,40
66;77;34.746;-117.475;33,88
66;78;34.746;-117.442;33,61
66;79;34.746;-117,41;34,00
66;80;34.746;-117.378;34,67
66;81;34.746;-117.345;35,23
66;82;34.746;-117.313;35,94
66;83;34.746;-117,28;36,83
66;84;34.746;-117.248;37,92
66;85;34.746;-117.215;39,22
66;86;34.746;-117.183;40,49
66;87;34.746;-117,15;41,48
66;88;34.746;-117.118;42,06
66;89;34.746;-117.085;42,28
66;90;34.746;-117.053;42,28
66;91;34.746;-117,02;42,18
66;92;34.746;-116.988;42,52
66;93;34.746;-116.956;43,14
66;94;34.746;-116.923;44,06
66;95;34.746;-116.891;45,01
66;96;34.746;-116.858;45,99
66;97;34.746;-116.826;46,85
66;98;34.746;-116.793;47,39
66;99;34.746;-116.761;47,62
67;1;347.727;-119.942;56,24
67;2;347.727;-119.909;59,24
67;3;347.727;-119.877;62,86
67;4;347.727;-119.844;66,51
67;5;347.727;-119.812;67,69
67;6;347.727;-119,78;66,72
67;7;347.727;-119.747;67,92
67;8;347.727;-119.715;71,93
67;9;347.727;-119.682;75,62
67;10;347.727;-119,65;78,07
67;11;347.727;-119.617;81,06
67;12;347.727;-119.585;82,56
67;13;347.727;-119.552;83,77
67;14;347.727;-119,52;84,11
67;15;347.727;-119.487;82,20
67;16;347.727;-119.455;81,37
67;17;347.727;-119.422;78,13
67;18;347.727;-119,39;52,71
67;19;347.727;-119.358;29,34
67;20;347.727;-119.325;32,54
67;21;347.727;-119.293;35,08
67;22;347.727;-119,26;38,10
67;23;347.727;-119.228;41,95
67;24;347.727;-119.195;44,83
67;25;347.727;-119.163;47,35
67;26;347.727;-119,13;49,22
67;27;347.727;-119.098;50,18
67;28;347.727;-119.065;50,19
67;29;347.727;-119.033;50,19
67;30;347.727;-119;50,50
67;31;347.727;-118.968;51,33
67;32;347.727;-118.936;51,91
67;33;347.727;-118.903;54,09
67;34;347.727;-118.871;57,59
67;35;347.727;-118.838;60,45
67;36;347.727;-118.806;61,30
67;37;347.727;-118.773;66,14
67;38;347.727;-118.741;65,28
67;39;347.727;-118.708;40,84
67;40;347.727;-118.676;31,68
67;41;347.727;-118.643;33,88
67;42;347.727;-118.611;32,41
67;43;347.727;-118.579;32,41
67;44;347.727;-118.546;31,97
67;45;347.727;-118.514;31,38
67;46;347.727;-118.481;30,90
67;47;347.727;-118.449;30,33
67;48;347.727;-118.416;29,93
67;49;347.727;-118.384;29,59
67;50;347.727;-118.351;29,33
67;51;347.727;-118.319;29,18
67;52;347.727;-118.286;29,14
67;53;347.727;-118.254;29,06
67;54;347.727;-118.221;29,01
67;55;347.727;-118.189;29,06
67;56;347.727;-118.157;29,26
67;57;347.727;-118.124;29,68
67;58;347.727;-118.092;30,30
67;59;347.727;-118.059;31,05
67;60;347.727;-118.027;31,80
67;61;347.727;-117.994;32,08
67;62;347.727;-117.962;31,86
67;63;347.727;-117.929;31,55
67;64;347.727;-117.897;31,48
67;65;347.727;-117.864;31,69
67;66;347.727;-117.832;32,09
67;67;347.727;-117.799;32,67
67;68;347.727;-117.767;33,40
67;69;347.727;-117.735;34,18
67;70;347.727;-117.702;34,99
67;71;347.727;-117,67;35,81
67;72;347.727;-117.637;36,76
67;73;347.727;-117.605;37,59
67;74;347.727;-117.572;37,86
67;75;347.727;-117,54;37,04
67;76;347.727;-117.507;35,20
67;77;347.727;-117.475;33,49
67;78;347.727;-117.442;33,06
67;79;347.727;-117,41;33,48
67;80;347.727;-117.378;34,18
67;81;347.727;-117.345;34,75
67;82;347.727;-117.313;35,27
67;83;347.727;-117,28;35,88
67;84;347.727;-117.248;36,71
67;85;347.727;-117.215;37,82
67;86;347.727;-117.183;39,00
67;87;347.727;-117,15;40,04
67;88;347.727;-117.118;40,64
67;89;347.727;-117.085;40,83
67;90;347.727;-117.053;41,00
67;91;347.727;-117,02;41,19
67;92;347.727;-116.988;41,55
67;93;347.727;-116.956;41,88
67;94;347.727;-116.923;42,25
67;95;347.727;-116.891;42,63
67;96;347.727;-116.858;43,02
67;97;347.727;-116.826;43,28
67;98;347.727;-116.793;43,59
67;99;347.727;-116.761;43,53
68;1;347.994;-119.942;59,63
68;2;347.994;-119.909;62,67
68;3;347.994;-119.877;66,85
68;4;347.994;-119.844;71,50
68;5;347.994;-119.812;74,23
68;6;347.994;-119,78;74,50
68;7;347.994;-119.747;74,64
68;8;347.994;-119.715;76,89
68;9;347.994;-119.682;79,63
68;10;347.994;-119,65;81,05
68;11;347.994;-119.617;83,50
68;12;347.994;-119.585;84,36
68;13;347.994;-119.552;84,35
68;14;347.994;-119,52;83,70
68;15;347.994;-119.487;81,69
68;16;347.994;-119.455;80,46
68;17;347.994;-119.422;78,33
68;18;347.994;-119,39;63,95
68;19;347.994;-119.358;35,10
68;20;347.994;-119.325;30,00
68;21;347.994;-119.293;35,40
68;22;347.994;-119,26;38,30
68;23;347.994;-119.228;42,28
68;24;347.994;-119.195;45,52
68;25;347.994;-119.163;47,91
68;26;347.994;-119,13;49,78
68;27;347.994;-119.098;50,70
68;28;347.994;-119.065;50,78
68;29;347.994;-119.033;50,92
68;30;347.994;-119;51,68
68;31;347.994;-118.968;53,44
68;32;347.994;-118.936;54,73
68;33;347.994;-118.903;57,87
68;34;347.994;-118.871;62,98
68;35;347.994;-118.838;67,06
68;36;347.994;-118.806;68,51
68;37;347.994;-118.773;71,96
68;38;347.994;-118.741;73,55
68;39;347.994;-118.708;50,65
68;40;347.994;-118.676;32,50
68;41;347.994;-118.643;32,40
68;42;347.994;-118.611;32,16
68;43;347.994;-118.579;31,14
68;44;347.994;-118.546;31,02
68;45;347.994;-118.514;30,27
68;46;347.994;-118.481;29,86
68;47;347.994;-118.449;29,43
68;48;347.994;-118.416;29,11
68;49;347.994;-118.384;28,92
68;50;347.994;-118.351;28,78
68;51;347.994;-118.319;28,74
68;52;347.994;-118.286;28,77
68;53;347.994;-118.254;28,71
68;54;347.994;-118.221;28,65
68;55;347.994;-118.189;28,66
68;56;347.994;-118.157;28,84
68;57;347.994;-118.124;29,20
68;58;347.994;-118.092;29,69
68;59;347.994;-118.059;30,32
68;60;347.994;-118.027;31,12
68;61;347.994;-117.994;31,73
68;62;347.994;-117.962;31,75
68;63;347.994;-117.929;31,40
68;64;347.994;-117.897;31,13
68;65;347.994;-117.864;31,20
68;66;347.994;-117.832;31,49
68;67;347.994;-117.799;32,00
68;68;347.994;-117.767;32,72
68;69;347.994;-117.735;33,50
68;70;347.994;-117.702;34,36
68;71;347.994;-117,67;35,13
68;72;347.994;-117.637;35,89
68;73;347.994;-117.605;36,68
68;74;347.994;-117.572;37,22
68;75;347.994;-117,54;36,74
68;76;347.994;-117.507;35,11
68;77;347.994;-117.475;33,34
68;78;347.994;-117.442;32,66
68;79;347.994;-117,41;33,04
68;80;347.994;-117.378;33,75
68;81;347.994;-117.345;34,35
68;82;347.994;-117.313;34,78
68;83;347.994;-117,28;35,32
68;84;347.994;-117.248;35,99
68;85;347.994;-117.215;36,67
68;86;347.994;-117.183;37,55
68;87;347.994;-117,15;38,65
68;88;347.994;-117.118;39,35
68;89;347.994;-117.085;39,52
68;90;347.994;-117.053;39,64
68;91;347.994;-117,02;39,97
68;92;347.994;-116.988;40,36
68;93;347.994;-116.956;40,52
68;94;347.994;-116.923;40,53
68;95;347.994;-116.891;40,49
68;96;347.994;-116.858;40,44
68;97;347.994;-116.826;40,38
68;98;347.994;-116.793;40,47
68;99;347.994;-116.761;40,24
69;1;34.826;-119.942;62,42
69;2;34.826;-119.909;65,68
69;3;34.826;-119.877;70,33
69;4;34.826;-119.844;75,38
69;5;34.826;-119.812;78,45
69;6;34.826;-119,78;80,57
69;7;34.826;-119.747;82,05
69;8;34.826;-119.715;83,15
69;9;34.826;-119.682;84,57
69;10;34.826;-119,65;84,65
69;11;34.826;-119.617;85,44
69;12;34.826;-119.585;84,80
69;13;34.826;-119.552;84,19
69;14;34.826;-119,52;82,26
69;15;34.826;-119.487;80,00
69;16;34.826;-119.455;79,61
69;17;34.826;-119.422;79,80
69;18;34.826;-119,39;78,74
69;19;34.826;-119.358;55,72
69;20;34.826;-119.325;34,28
69;21;34.826;-119.293;33,98
69;22;34.826;-119,26;38,23
69;23;34.826;-119.228;41,37
69;24;34.826;-119.195;45,01
69;25;34.826;-119.163;47,30
69;26;34.826;-119,13;49,09
69;27;34.826;-119.098;50,01
69;28;34.826;-119.065;50,04
69;29;34.826;-119.033;50,45
69;30;34.826;-119;51,88
69;31;34.826;-118.968;55,09
69;32;34.826;-118.936;57,97
69;33;34.826;-118.903;62,52
69;34;34.826;-118.871;69,46
69;35;34.826;-118.838;74,71
69;36;34.826;-118.806;77,07
69;37;34.826;-118.773;79,17
69;38;34.826;-118.741;79,64
69;39;34.826;-118.708;63,12
69;40;34.826;-118.676;36,76
69;41;34.826;-118.643;31,22
69;42;34.826;-118.611;32,41
69;43;34.826;-118.579;30,67
69;44;34.826;-118.546;30,48
69;45;34.826;-118.514;29,85
69;46;34.826;-118.481;29,35
69;47;34.826;-118.449;28,99
69;48;34.826;-118.416;28,67
69;49;34.826;-118.384;28,57
69;50;34.826;-118.351;28,48
69;51;34.826;-118.319;28,51
69;52;34.826;-118.286;28,59
69;53;34.826;-118.254;28,61
69;54;34.826;-118.221;28,58
69;55;34.826;-118.189;28,55
69;56;34.826;-118.157;28,61
69;57;34.826;-118.124;28,86
69;58;34.826;-118.092;29,29
69;59;34.826;-118.059;29,78
69;60;34.826;-118.027;30,44
69;61;34.826;-117.994;31,21
69;62;34.826;-117.962;31,59
69;63;34.826;-117.929;31,43
69;64;34.826;-117.897;30,98
69;65;34.826;-117.864;30,82
69;66;34.826;-117.832;30,98
69;67;34.826;-117.799;31,33
69;68;34.826;-117.767;32,00
69;69;34.826;-117.735;32,75
69;70;34.826;-117.702;33,65
69;71;34.826;-117,67;34,48
69;72;34.826;-117.637;35,22
69;73;34.826;-117.605;35,90
69;74;34.826;-117.572;36,44
69;75;34.826;-117,54;36,33
69;76;34.826;-117.507;35,06
69;77;34.826;-117.475;33,21
69;78;34.826;-117.442;32,25
69;79;34.826;-117,41;32,50
69;80;34.826;-117.378;33,19
69;81;34.826;-117.345;33,85
69;82;34.826;-117.313;34,35
69;83;34.826;-117,28;34,83
69;84;34.826;-117.248;35,45
69;85;34.826;-117.215;35,93
69;86;34.826;-117.183;36,56
69;87;34.826;-117,15;37,46
69;88;34.826;-117.118;38,21
69;89;34.826;-117.085;38,44
69;90;34.826;-117.053;38,42
69;91;34.826;-117,02;38,62
69;92;34.826;-116.988;38,95
69;93;34.826;-116.956;39,05
69;94;34.826;-116.923;38,88
69;95;34.826;-116.891;38,57
69;96;34.826;-116.858;38,22
69;97;34.826;-116.826;37,96
69;98;34.826;-116.793;37,88
69;99;34.826;-116.761;37,57
70;1;348.527;-119.942;64,66
70;2;348.527;-119.909;68,41
70;3;348.527;-119.877;73,54
70;4;348.527;-119.844;79,75
70;5;348.527;-119.812;82,59
70;6;348.527;-119,78;84,62
70;7;348.527;-119.747;87,09
70;8;348.527;-119.715;86,50
70;9;348.527;-119.682;86,37
70;10;348.527;-119,65;85,77
70;11;348.527;-119.617;84,47
70;12;348.527;-119.585;84,74
70;13;348.527;-119.552;82,30
70;14;348.527;-119,52;79,67
70;15;348.527;-119.487;78,19
70;16;348.527;-119.455;79,11
70;17;348.527;-119.422;81,68
70;18;348.527;-119,39;85,74
70;19;348.527;-119.358;85,33
70;20;348.527;-119.325;62,54
70;21;348.527;-119.293;41,20
70;22;348.527;-119,26;39,58
70;23;348.527;-119.228;41,04
70;24;348.527;-119.195;43,53
70;25;348.527;-119.163;45,71
70;26;348.527;-119,13;47,34
70;27;348.527;-119.098;48,48
70;28;348.527;-119.065;49,02
70;29;348.527;-119.033;50,12
70;30;348.527;-119;52,93
70;31;348.527;-118.968;58,08
70;32;348.527;-118.936;63,75
70;33;348.527;-118.903;70,31
70;34;348.527;-118.871;77,53
70;35;348.527;-118.838;82,77
70;36;348.527;-118.806;85,93
70;37;348.527;-118.773;85,55
70;38;348.527;-118.741;85,13
70;39;348.527;-118.708;76,57
70;40;348.527;-118.676;46,56
70;41;348.527;-118.643;32,12
70;42;348.527;-118.611;32,78
70;43;348.527;-118.579;31,32
70;44;348.527;-118.546;30,47
70;45;348.527;-118.514;29,93
70;46;348.527;-118.481;29,21
70;47;348.527;-118.449;28,89
70;48;348.527;-118.416;28,53
70;49;348.527;-118.384;28,53
70;50;348.527;-118.351;28,41
70;51;348.527;-118.319;28,46
70;52;348.527;-118.286;28,52
70;53;348.527;-118.254;28,60
70;54;348.527;-118.221;28,62
70;55;348.527;-118.189;28,60
70;56;348.527;-118.157;28,60
70;57;348.527;-118.124;28,72
70;58;348.527;-118.092;29,06
70;59;348.527;-118.059;29,50
70;60;348.527;-118.027;29,99
70;61;348.527;-117.994;30,66
70;62;348.527;-117.962;31,31
70;63;348.527;-117.929;31,49
70;64;348.527;-117.897;31,08
70;65;348.527;-117.864;30,62
70;66;348.527;-117.832;30,58
70;67;348.527;-117.799;30,65
70;68;348.527;-117.767;31,25
70;69;348.527;-117.735;31,96
70;70;348.527;-117.702;32,88
70;71;348.527;-117,67;33,77
70;72;348.527;-117.637;34,51
70;73;348.527;-117.605;35,20
70;74;348.527;-117.572;35,83
70;75;348.527;-117,54;35,89
70;76;348.527;-117.507;34,89
70;77;348.527;-117.475;33,10
70;78;348.527;-117.442;31,89
70;79;348.527;-117,41;32,00
70;80;348.527;-117.378;32,64
70;81;348.527;-117.345;33,36
70;82;348.527;-117.313;33,98
70;83;348.527;-117,28;34,45
70;84;348.527;-117.248;35,01
70;85;348.527;-117.215;35,48
70;86;348.527;-117.183;35,92
70;87;348.527;-117,15;36,61
70;88;348.527;-117.118;37,32
70;89;348.527;-117.085;37,67
70;90;348.527;-117.053;37,57
70;91;348.527;-117,02;37,44
70;92;348.527;-116.988;37,49
70;93;348.527;-116.956;37,47
70;94;348.527;-116.923;37,19
70;95;348.527;-116.891;36,78
70;96;348.527;-116.858;36,32
70;97;348.527;-116.826;36,04
70;98;348.527;-116.793;35,79
70;99;348.527;-116.761;35,54
71;1;348.793;-119.942;67,90
71;2;348.793;-119.909;72,01
71;3;348.793;-119.877;77,19
71;4;348.793;-119.844;83,02
71;5;348.793;-119.812;85,38
71;6;348.793;-119,78;85,48
71;7;348.793;-119.747;86,13
71;8;348.793;-119.715;84,55
71;9;348.793;-119.682;82,95
71;10;348.793;-119,65;81,87
71;11;348.793;-119.617;82,24
71;12;348.793;-119.585;81,53
71;13;348.793;-119.552;79,06
71;14;348.793;-119,52;75,78
71;15;348.793;-119.487;76,93
71;16;348.793;-119.455;79,20
71;17;348.793;-119.422;82,71
71;18;348.793;-119,39;85,91
71;19;348.793;-119.358;90,59
71;20;348.793;-119.325;96,99
71;21;348.793;-119.293;80,84
71;22;348.793;-119,26;56,14
71;23;348.793;-119.228;49,15
71;24;348.793;-119.195;47,31
71;25;348.793;-119.163;46,68
71;26;348.793;-119,13;47,83
71;27;348.793;-119.098;49,13
71;28;348.793;-119.065;50,83
71;29;348.793;-119.033;53,88
71;30;348.793;-119;59,55
71;31;348.793;-118.968;67,60
71;32;348.793;-118.936;75,32
71;33;348.793;-118.903;81,97
71;34;348.793;-118.871;85,31
71;35;348.793;-118.838;87,59
71;36;348.793;-118.806;89,27
71;37;348.793;-118.773;89,77
71;38;348.793;-118.741;88,53
71;39;348.793;-118.708;83,84
71;40;348.793;-118.676;61,61
71;41;348.793;-118.643;36,15
71;42;348.793;-118.611;32,61
71;43;348.793;-118.579;32,70
71;44;348.793;-118.546;31,09
71;45;348.793;-118.514;30,84
71;46;348.793;-118.481;29,93
71;47;348.793;-118.449;29,61
71;48;348.793;-118.416;29,08
71;49;348.793;-118.384;28,92
71;50;348.793;-118.351;28,65
71;51;348.793;-118.319;28,58
71;52;348.793;-118.286;28,57
71;53;348.793;-118.254;28,60
71;54;348.793;-118.221;28,63
71;55;348.793;-118.189;28,65
71;56;348.793;-118.157;28,62
71;57;348.793;-118.124;28,65
71;58;348.793;-118.092;28,88
71;59;348.793;-118.059;29,29
71;60;348.793;-118.027;29,70
71;61;348.793;-117.994;30,17
71;62;348.793;-117.962;30,82
71;63;348.793;-117.929;31,34
71;64;348.793;-117.897;31,14
71;65;348.793;-117.864;30,42
71;66;348.793;-117.832;30,18
71;67;348.793;-117.799;30,14
71;68;348.793;-117.767;30,64
71;69;348.793;-117.735;31,29
71;70;348.793;-117.702;32,19
71;71;348.793;-117,67;33,06
71;72;348.793;-117.637;33,80
71;73;348.793;-117.605;34,44
71;74;348.793;-117.572;35,03
71;75;348.793;-117,54;35,33
71;76;348.793;-117.507;34,65
71;77;348.793;-117.475;32,95
71;78;348.793;-117.442;31,50
71;79;348.793;-117,41;31,41
71;80;348.793;-117.378;32,03
71;81;348.793;-117.345;32,71
71;82;348.793;-117.313;33,37
71;83;348.793;-117,28;33,88
71;84;348.793;-117.248;34,49
71;85;348.793;-117.215;34,97
71;86;348.793;-117.183;35,39
71;87;348.793;-117,15;35,95
71;88;348.793;-117.118;36,68
71;89;348.793;-117.085;37,20
71;90;348.793;-117.053;37,23
71;91;348.793;-117,02;36,94
71;92;348.793;-116.988;36,69
71;93;348.793;-116.956;36,46
71;94;348.793;-116.923;36,07
71;95;348.793;-116.891;35,62
71;96;348.793;-116.858;35,14
71;97;348.793;-116.826;34,81
71;98;348.793;-116.793;34,45
71;99;348.793;-116.761;34,21
72;1;349.059;-119.942;71,14
72;2;349.059;-119.909;75,77
72;3;349.059;-119.877;80,03
72;4;349.059;-119.844;84,78
72;5;349.059;-119.812;87,27
72;6;349.059;-119,78;86,07
72;7;349.059;-119.747;85,52
72;8;349.059;-119.715;83,21
72;9;349.059;-119.682;82,21
72;10;349.059;-119,65;80,98
72;11;349.059;-119.617;80,22
72;12;349.059;-119.585;78,12
72;13;349.059;-119.552;75,71
72;14;349.059;-119,52;74,12
72;15;349.059;-119.487;77,69
72;16;349.059;-119.455;79,34
72;17;349.059;-119.422;83,12
72;18;349.059;-119,39;86,17
72;19;349.059;-119.358;86,63
72;20;349.059;-119.325;88,92
72;21;349.059;-119.293;100,00
72;22;349.059;-119,26;100,00
72;23;349.059;-119.228;87,69
72;24;349.059;-119.195;86,13
72;25;349.059;-119.163;76,35
72;26;349.059;-119,13;72,14
72;27;349.059;-119.098;68,31
72;28;349.059;-119.065;69,82
72;29;349.059;-119.033;76,28
72;30;349.059;-119;83,05
72;31;349.059;-118.968;88,40
72;32;349.059;-118.936;87,55
72;33;349.059;-118.903;87,75
72;34;349.059;-118.871;85,89
72;35;349.059;-118.838;83,86
72;36;349.059;-118.806;83,28
72;37;349.059;-118.773;86,13
72;38;349.059;-118.741;88,50
72;39;349.059;-118.708;87,16
72;40;349.059;-118.676;80,14
72;41;349.059;-118.643;45,08
72;42;349.059;-118.611;33,10
72;43;349.059;-118.579;34,64
72;44;349.059;-118.546;32,58
72;45;349.059;-118.514;32,65
72;46;349.059;-118.481;31,49
72;47;349.059;-118.449;31,06
72;48;349.059;-118.416;30,25
72;49;349.059;-118.384;29,84
72;50;349.059;-118.351;29,27
72;51;349.059;-118.319;28,98
72;52;349.059;-118.286;28,73
72;53;349.059;-118.254;28,64
72;54;349.059;-118.221;28,65
72;55;349.059;-118.189;28,71
72;56;349.059;-118.157;28,68
72;57;349.059;-118.124;28,64
72;58;349.059;-118.092;28,74
72;59;349.059;-118.059;29,10
72;60;349.059;-118.027;29,57
72;61;349.059;-117.994;29,93
72;62;349.059;-117.962;30,33
72;63;349.059;-117.929;31,06
72;64;349.059;-117.897;31,34
72;65;349.059;-117.864;30,57
72;66;349.059;-117.832;30,00
72;67;349.059;-117.799;29,80
72;68;349.059;-117.767;30,16
72;69;349.059;-117.735;30,76
72;70;349.059;-117.702;31,56
72;71;349.059;-117,67;32,37
72;72;349.059;-117.637;33,09
72;73;349.059;-117.605;33,73
72;74;349.059;-117.572;34,34
72;75;349.059;-117,54;34,71
72;76;349.059;-117.507;34,28
72;77;349.059;-117.475;32,76
72;78;349.059;-117.442;31,09
72;79;349.059;-117,41;30,73
72;80;349.059;-117.378;31,33
72;81;349.059;-117.345;31,99
72;82;349.059;-117.313;32,65
72;83;349.059;-117,28;33,23
72;84;349.059;-117.248;33,93
72;85;349.059;-117.215;34,50
72;86;349.059;-117.183;34,99
72;87;349.059;-117,15;35,59
72;88;349.059;-117.118;36,50
72;89;349.059;-117.085;37,10
72;90;349.059;-117.053;37,27
72;91;349.059;-117,02;37,02
72;92;349.059;-116.988;36,60
72;93;349.059;-116.956;36,16
72;94;349.059;-116.923;35,63
72;95;349.059;-116.891;35,15
72;96;349.059;-116.858;34,75
72;97;349.059;-116.826;34,50
72;98;349.059;-116.793;34,13
72;99;349.059;-116.761;33,71
73;1;349.325;-119.942;75,93
73;2;349.325;-119.909;80,12
73;3;349.325;-119.877;82,58
73;4;349.325;-119.844;84,86
73;5;349.325;-119.812;86,24
73;6;349.325;-119,78;83,81
73;7;349.325;-119.747;82,49
73;8;349.325;-119.715;81,10
73;9;349.325;-119.682;79,91
73;10;349.325;-119,65;78,90
73;11;349.325;-119.617;77,81
73;12;349.325;-119.585;76,10
73;13;349.325;-119.552;75,03
73;14;349.325;-119,52;76,01
73;15;349.325;-119.487;78,07
73;16;349.325;-119.455;80,38
73;17;349.325;-119.422;84,31
73;18;349.325;-119,39;85,56
73;19;349.325;-119.358;85,12
73;20;349.325;-119.325;83,70
73;21;349.325;-119.293;85,47
73;22;349.325;-119,26;85,11
73;23;349.325;-119.228;87,77
73;24;349.325;-119.195;92,01
73;25;349.325;-119.163;99,00
73;26;349.325;-119,13;100,00
73;27;349.325;-119.098;95,01
73;28;349.325;-119.065;91,44
73;29;349.325;-119.033;90,84
73;30;349.325;-119;89,49
73;31;349.325;-118.968;88,99
73;32;349.325;-118.936;83,83
73;33;349.325;-118.903;81,94
73;34;349.325;-118.871;81,13
73;35;349.325;-118.838;78,89
73;36;349.325;-118.806;78,05
73;37;349.325;-118.773;81,07
73;38;349.325;-118.741;86,37
73;39;349.325;-118.708;88,35
73;40;349.325;-118.676;91,27
73;41;349.325;-118.643;58,30
73;42;349.325;-118.611;35,89
73;43;349.325;-118.579;37,13
73;44;349.325;-118.546;35,30
73;45;349.325;-118.514;35,80
73;46;349.325;-118.481;34,26
73;47;349.325;-118.449;33,52
73;48;349.325;-118.416;32,18
73;49;349.325;-118.384;31,30
73;50;349.325;-118.351;30,30
73;51;349.325;-118.319;29,63
73;52;349.325;-118.286;29,09
73;53;349.325;-118.254;28,77
73;54;349.325;-118.221;28,68
73;55;349.325;-118.189;28,75
73;56;349.325;-118.157;28,77
73;57;349.325;-118.124;28,71
73;58;349.325;-118.092;28,68
73;59;349.325;-118.059;28,91
73;60;349.325;-118.027;29,44
73;61;349.325;-117.994;29,94
73;62;349.325;-117.962;30,16
73;63;349.325;-117.929;30,66
73;64;349.325;-117.897;31,53
73;65;349.325;-117.864;30,98
73;66;349.325;-117.832;29,99
73;67;349.325;-117.799;29,66
73;68;349.325;-117.767;29,84
73;69;349.325;-117.735;30,37
73;70;349.325;-117.702;31,04
73;71;349.325;-117,67;31,72
73;72;349.325;-117.637;32,41
73;73;349.325;-117.605;33,01
73;74;349.325;-117.572;33,59
73;75;349.325;-117,54;34,04
73;76;349.325;-117.507;33,81
73;77;349.325;-117.475;32,48
73;78;349.325;-117.442;30,66
73;79;349.325;-117,41;30,04
73;80;349.325;-117.378;30,55
73;81;349.325;-117.345;31,21
73;82;349.325;-117.313;31,86
73;83;349.325;-117,28;32,49
73;84;349.325;-117.248;33,29
73;85;349.325;-117.215;33,96
73;86;349.325;-117.183;34,67
73;87;349.325;-117,15;35,45
73;88;349.325;-117.118;36,34
73;89;349.325;-117.085;37,10
73;90;349.325;-117.053;37,57
73;91;349.325;-117,02;37,51
73;92;349.325;-116.988;37,13
73;93;349.325;-116.956;36,55
73;94;349.325;-116.923;35,82
73;95;349.325;-116.891;35,14
73;96;349.325;-116.858;34,56
73;97;349.325;-116.826;34,11
73;98;349.325;-116.793;33,61
73;99;349.325;-116.761;33,44
74;1;349.591;-119.942;80,66
74;2;349.591;-119.909;82,53
74;3;349.591;-119.877;83,41
74;4;349.591;-119.844;83,21
74;5;349.591;-119.812;82,07
74;6;349.591;-119,78;80,80
74;7;349.591;-119.747;78,51
74;8;349.591;-119.715;77,93
74;9;349.591;-119.682;76,63
74;10;349.591;-119,65;76,02
74;11;349.591;-119.617;75,10
74;12;349.591;-119.585;74,32
74;13;349.591;-119.552;74,55
74;14;349.591;-119,52;76,84
74;15;349.591;-119.487;80,29
74;16;349.591;-119.455;82,69
74;17;349.591;-119.422;84,40
74;18;349.591;-119,39;84,17
74;19;349.591;-119.358;83,33
74;20;349.591;-119.325;81,90
74;21;349.591;-119.293;81,31
74;22;349.591;-119,26;80,51
74;23;349.591;-119.228;81,14
74;24;349.591;-119.195;83,39
74;25;349.591;-119.163;85,55
74;26;349.591;-119,13;85,48
74;27;349.591;-119.098;86,50
74;28;349.591;-119.065;86,19
74;29;349.591;-119.033;85,49
74;30;349.591;-119;83,50
74;31;349.591;-118.968;80,89
74;32;349.591;-118.936;79,44
74;33;349.591;-118.903;79,87
74;34;349.591;-118.871;78,35
74;35;349.591;-118.838;79,04
74;36;349.591;-118.806;77,59
74;37;349.591;-118.773;80,45
74;38;349.591;-118.741;83,45
74;39;349.591;-118.708;88,01
74;40;349.591;-118.676;92,58
74;41;349.591;-118.643;70,96
74;42;349.591;-118.611;38,73
74;43;349.591;-118.579;39,10
74;44;349.591;-118.546;37,42
74;45;349.591;-118.514;38,45
74;46;349.591;-118.481;36,74
74;47;349.591;-118.449;35,97
74;48;349.591;-118.416;34,16
74;49;349.591;-118.384;32,76
74;50;349.591;-118.351;31,43
74;51;349.591;-118.319;30,39
74;52;349.591;-118.286;29,55
74;53;349.591;-118.254;29,01
74;54;349.591;-118.221;28,77
74;55;349.591;-118.189;28,79
74;56;349.591;-118.157;28,80
74;57;349.591;-118.124;28,76
74;58;349.591;-118.092;28,65
74;59;349.591;-118.059;28,68
74;60;349.591;-118.027;29,17
74;61;349.591;-117.994;30,01
74;62;349.591;-117.962;30,44
74;63;349.591;-117.929;30,41
74;64;349.591;-117.897;31,59
74;65;349.591;-117.864;32,13
74;66;349.591;-117.832;30,16
74;67;349.591;-117.799;29,73
74;68;349.591;-117.767;29,63
74;69;349.591;-117.735;30,09
74;70;349.591;-117.702;30,66
74;71;349.591;-117,67;31,20
74;72;349.591;-117.637;31,81
74;73;349.591;-117.605;32,41
74;74;349.591;-117.572;32,94
74;75;349.591;-117,54;33,43
74;76;349.591;-117.507;33,34
74;77;349.591;-117.475;32,19
74;78;349.591;-117.442;30,34
74;79;349.591;-117,41;29,42
74;80;349.591;-117.378;29,80
74;81;349.591;-117.345;30,51
74;82;349.591;-117.313;31,14
74;83;349.591;-117,28;31,81
74;84;349.591;-117.248;32,71
74;85;349.591;-117.215;33,54
74;86;349.591;-117.183;34,52
74;87;349.591;-117,15;35,45
74;88;349.591;-117.118;36,50
74;89;349.591;-117.085;37,50
74;90;349.591;-117.053;38,24
74;91;349.591;-117,02;38,41
74;92;349.591;-116.988;38,05
74;93;349.591;-116.956;37,37
74;94;349.591;-116.923;36,43
74;95;349.591;-116.891;35,48
74;96;349.591;-116.858;34,68
74;97;349.591;-116.826;34,03
74;98;349.591;-116.793;33,42
74;99;349.591;-116.761;33,22
75;1;349.857;-119.942;82,77
75;2;349.857;-119.909;83,59
75;3;349.857;-119.877;83,32
75;4;349.857;-119.844;82,24
75;5;349.857;-119.812;80,87
75;6;349.857;-119,78;79,02
75;7;349.857;-119.747;77,06
75;8;349.857;-119.715;75,48
75;9;349.857;-119.682;72,89
75;10;349.857;-119,65;72,26
75;11;349.857;-119.617;71,79
75;12;349.857;-119.585;72,41
75;13;349.857;-119.552;74,25
75;14;349.857;-119,52;78,39
75;15;349.857;-119.487;80,65
75;16;349.857;-119.455;82,00
75;17;349.857;-119.422;83,27
75;18;349.857;-119,39;82,12
75;19;349.857;-119.358;81,17
75;20;349.857;-119.325;79,07
75;21;349.857;-119.293;78,27
75;22;349.857;-119,26;76,04
75;23;349.857;-119.228;77,28
75;24;349.857;-119.195;78,86
75;25;349.857;-119.163;80,22
75;26;349.857;-119,13;81,83
75;27;349.857;-119.098;82,09
75;28;349.857;-119.065;81,56
75;29;349.857;-119.033;80,33
75;30;349.857;-119;77,77
75;31;349.857;-118.968;75,37
75;32;349.857;-118.936;73,55
75;33;349.857;-118.903;73,57
75;34;349.857;-118.871;74,15
75;35;349.857;-118.838;73,04
75;36;349.857;-118.806;79,43
75;37;349.857;-118.773;82,40
75;38;349.857;-118.741;79,81
75;39;349.857;-118.708;85,03
75;40;349.857;-118.676;91,14
75;41;349.857;-118.643;84,73
75;42;349.857;-118.611;40,56
75;43;349.857;-118.579;40,70
75;44;349.857;-118.546;39,03
75;45;349.857;-118.514;40,55
75;46;349.857;-118.481;38,96
75;47;349.857;-118.449;38,41
75;48;349.857;-118.416;36,24
75;49;349.857;-118.384;34,24
75;50;349.857;-118.351;32,58
75;51;349.857;-118.319;31,21
75;52;349.857;-118.286;30,14
75;53;349.857;-118.254;29,37
75;54;349.857;-118.221;28,96
75;55;349.857;-118.189;28,87
75;56;349.857;-118.157;28,81
75;57;349.857;-118.124;28,77
75;58;349.857;-118.092;28,66
75;59;349.857;-118.059;28,50
75;60;349.857;-118.027;28,75
75;61;349.857;-117.994;29,91
75;62;349.857;-117.962;31,44
75;63;349.857;-117.929;30,83
75;64;349.857;-117.897;31,47
75;65;349.857;-117.864;33,88
75;66;349.857;-117.832;30,85
75;67;349.857;-117.799;30,25
75;68;349.857;-117.767;29,65
75;69;349.857;-117.735;30,03
75;70;349.857;-117.702;30,48
75;71;349.857;-117,67;30,85
75;72;349.857;-117.637;31,29
75;73;349.857;-117.605;31,90
75;74;349.857;-117.572;32,40
75;75;349.857;-117,54;32,88
75;76;349.857;-117.507;32,93
75;77;349.857;-117.475;31,97
75;78;349.857;-117.442;30,10
75;79;349.857;-117,41;28,94
75;80;349.857;-117.378;29,20
75;81;349.857;-117.345;29,89
75;82;349.857;-117.313;30,60
75;83;349.857;-117,28;31,25
75;84;349.857;-117.248;32,21
75;85;349.857;-117.215;33,27
75;86;349.857;-117.183;34,42
75;87;349.857;-117,15;35,64
75;88;349.857;-117.118;37,02
75;89;349.857;-117.085;38,26
75;90;349.857;-117.053;39,24
75;91;349.857;-117,02;39,63
75;92;349.857;-116.988;39,22
75;93;349.857;-116.956;38,40
75;94;349.857;-116.923;37,28
75;95;349.857;-116.891;36,04
75;96;349.857;-116.858;34,91
75;97;349.857;-116.826;33,94
75;98;349.857;-116.793;33,17
75;99;349.857;-116.761;32,94
76;1;350.123;-119.942;82,99
76;2;350.123;-119.909;82,62
76;3;350.123;-119.877;81,95
76;4;350.123;-119.844;80,96
76;5;350.123;-119.812;80,50
76;6;350.123;-119,78;79,17
76;7;350.123;-119.747;76,33
76;8;350.123;-119.715;74,24
76;9;350.123;-119.682;72,56
76;10;350.123;-119,65;71,57
76;11;350.123;-119.617;71,52
76;12;350.123;-119.585;72,96
76;13;350.123;-119.552;76,08
76;14;350.123;-119,52;77,34
76;15;350.123;-119.487;79,23
76;16;350.123;-119.455;79,61
76;17;350.123;-119.422;79,32
76;18;350.123;-119,39;77,75
76;19;350.123;-119.358;76,41
76;20;350.123;-119.325;74,45
76;21;350.123;-119.293;73,31
76;22;350.123;-119,26;73,78
76;23;350.123;-119.228;74,09
76;24;350.123;-119.195;74,91
76;25;350.123;-119.163;75,07
76;26;350.123;-119,13;75,88
76;27;350.123;-119.098;75,96
76;28;350.123;-119.065;75,73
76;29;350.123;-119.033;74,77
76;30;350.123;-119;73,57
76;31;350.123;-118.968;71,93
76;32;350.123;-118.936;70,85
76;33;350.123;-118.903;70,85
76;34;350.123;-118.871;70,92
76;35;350.123;-118.838;72,29
76;36;350.123;-118.806;74,48
76;37;350.123;-118.773;76,05
76;38;350.123;-118.741;75,00
76;39;350.123;-118.708;80,02
76;40;350.123;-118.676;88,51
76;41;350.123;-118.643;88,97
76;42;350.123;-118.611;39,96
76;43;350.123;-118.579;41,64
76;44;350.123;-118.546;39,97
76;45;350.123;-118.514;41,51
76;46;350.123;-118.481;40,59
76;47;350.123;-118.449;40,68
76;48;350.123;-118.416;38,37
76;49;350.123;-118.384;35,59
76;50;350.123;-118.351;33,64
76;51;350.123;-118.319;31,95
76;52;350.123;-118.286;30,72
76;53;350.123;-118.254;29,74
76;54;350.123;-118.221;29,15
76;55;350.123;-118.189;28,89
76;56;350.123;-118.157;28,74
76;57;350.123;-118.124;28,67
76;58;350.123;-118.092;28,61
76;59;350.123;-118.059;28,40
76;60;350.123;-118.027;28,37
76;61;350.123;-117.994;29,45
76;62;350.123;-117.962;32,77
76;63;350.123;-117.929;32,16
76;64;350.123;-117.897;31,26
76;65;350.123;-117.864;31,34
76;66;350.123;-117.832;32,08
76;67;350.123;-117.799;31,39
76;68;350.123;-117.767;29,99
76;69;350.123;-117.735;30,19
76;70;350.123;-117.702;30,61
76;71;350.123;-117,67;30,83
76;72;350.123;-117.637;30,85
76;73;350.123;-117.605;31,44
76;74;350.123;-117.572;31,92
76;75;350.123;-117,54;32,40
76;76;350.123;-117.507;32,55
76;77;350.123;-117.475;31,77
76;78;350.123;-117.442;29,95
76;79;350.123;-117,41;28,55
76;80;350.123;-117.378;28,63
76;81;350.123;-117.345;29,31
76;82;350.123;-117.313;30,20
76;83;350.123;-117,28;30,87
76;84;350.123;-117.248;31,93
76;85;350.123;-117.215;32,91
76;86;350.123;-117.183;34,31
76;87;350.123;-117,15;35,86
76;88;350.123;-117.118;37,58
76;89;350.123;-117.085;39,22
76;90;350.123;-117.053;40,63
76;91;350.123;-117,02;41,33
76;92;350.123;-116.988;40,86
76;93;350.123;-116.956;39,79
76;94;350.123;-116.923;38,36
76;95;350.123;-116.891;36,75
76;96;350.123;-116.858;35,17
76;97;350.123;-116.826;33,77
76;98;350.123;-116.793;32,82
76;99;350.123;-116.761;32,55
77;1;350.389;-119.942;82,88
77;2;350.389;-119.909;82,16
77;3;350.389;-119.877;81,27
77;4;350.389;-119.844;80,17
77;5;350.389;-119.812;79,38
77;6;350.389;-119,78;78,34
77;7;350.389;-119.747;77,08
77;8;350.389;-119.715;75,10
77;9;350.389;-119.682;73,89
77;10;350.389;-119,65;74,30
77;11;350.389;-119.617;75,12
77;12;350.389;-119.585;76,21
77;13;350.389;-119.552;76,55
77;14;350.389;-119,52;77,80
77;15;350.389;-119.487;78,14
77;16;350.389;-119.455;77,06
77;17;350.389;-119.422;75,42
77;18;350.389;-119,39;73,25
77;19;350.389;-119.358;71,85
77;20;350.389;-119.325;70,09
77;21;350.389;-119.293;68,94
77;22;350.389;-119,26;68,37
77;23;350.389;-119.228;68,41
77;24;350.389;-119.195;69,62
77;25;350.389;-119.163;70,74
77;26;350.389;-119,13;70,92
77;27;350.389;-119.098;70,70
77;28;350.389;-119.065;71,04
77;29;350.389;-119.033;71,19
77;30;350.389;-119;70,76
77;31;350.389;-118.968;69,88
77;32;350.389;-118.936;68,98
77;33;350.389;-118.903;68,71
77;34;350.389;-118.871;68,82
77;35;350.389;-118.838;70,54
77;36;350.389;-118.806;70,94
77;37;350.389;-118.773;72,43
77;38;350.389;-118.741;75,05
77;39;350.389;-118.708;79,01
77;40;350.389;-118.676;89,14
77;41;350.389;-118.643;85,52
77;42;350.389;-118.611;38,81
77;43;350.389;-118.579;41,33
77;44;350.389;-118.546;40,54
77;45;350.389;-118.514;41,39
77;46;350.389;-118.481;40,98
77;47;350.389;-118.449;41,26
77;48;350.389;-118.416;39,34
77;49;350.389;-118.384;36,62
77;50;350.389;-118.351;34,62
77;51;350.389;-118.319;32,85
77;52;350.389;-118.286;31,59
77;53;350.389;-118.254;30,49
77;54;350.389;-118.221;29,75
77;55;350.389;-118.189;29,29
77;56;350.389;-118.157;28,95
77;57;350.389;-118.124;28,73
77;58;350.389;-118.092;28,57
77;59;350.389;-118.059;28,29
77;60;350.389;-118.027;28,10
77;61;350.389;-117.994;28,62
77;62;350.389;-117.962;30,94
77;63;350.389;-117.929;30,92
77;64;350.389;-117.897;30,79
77;65;350.389;-117.864;31,11
77;66;350.389;-117.832;31,18
77;67;350.389;-117.799;31,12
77;68;350.389;-117.767;30,81
77;69;350.389;-117.735;30,39
77;70;350.389;-117.702;30,81
77;71;350.389;-117,67;31,03
77;72;350.389;-117.637;30,57
77;73;350.389;-117.605;31,13
77;74;350.389;-117.572;31,63
77;75;350.389;-117,54;32,13
77;76;350.389;-117.507;32,42
77;77;350.389;-117.475;31,86
77;78;350.389;-117.442;30,12
77;79;350.389;-117,41;28,46
77;80;350.389;-117.378;28,36
77;81;350.389;-117.345;29,03
77;82;350.389;-117.313;29,80
77;83;350.389;-117,28;30,39
77;84;350.389;-117.248;31,40
77;85;350.389;-117.215;32,60
77;86;350.389;-117.183;34,32
77;87;350.389;-117,15;36,17
77;88;350.389;-117.118;38,15
77;89;350.389;-117.085;40,02
77;90;350.389;-117.053;41,68
77;91;350.389;-117,02;42,66
77;92;350.389;-116.988;42,20
77;93;350.389;-116.956;40,94
77;94;350.389;-116.923;39,24
77;95;350.389;-116.891;37,37
77;96;350.389;-116.858;35,52
77;97;350.389;-116.826;33,82
77;98;350.389;-116.793;32,75
77;99;350.389;-116.761;32,42
78;1;350.655;-119.942;82,22
78;2;350.655;-119.909;81,46
78;3;350.655;-119.877;81,14
78;4;350.655;-119.844;80,11
78;5;350.655;-119.812;79,38
78;6;350.655;-119,78;79,15
78;7;350.655;-119.747;78,06
78;8;350.655;-119.715;76,37
78;9;350.655;-119.682;76,04
78;10;350.655;-119,65;75,91
78;11;350.655;-119.617;76,30
78;12;350.655;-119.585;77,27
78;13;350.655;-119.552;78,11
78;14;350.655;-119,52;78,17
78;15;350.655;-119.487;77,31
78;16;350.655;-119.455;75,26
78;17;350.655;-119.422;72,89
78;18;350.655;-119,39;71,05
78;19;350.655;-119.358;69,11
78;20;350.655;-119.325;67,26
78;21;350.655;-119.293;66,10
78;22;350.655;-119,26;66,22
78;23;350.655;-119.228;66,30
78;24;350.655;-119.195;66,86
78;25;350.655;-119.163;66,70
78;26;350.655;-119,13;66,72
78;27;350.655;-119.098;67,02
78;28;350.655;-119.065;68,33
78;29;350.655;-119.033;69,30
78;30;350.655;-119;69,22
78;31;350.655;-118.968;68,57
78;32;350.655;-118.936;68,12
78;33;350.655;-118.903;68,17
78;34;350.655;-118.871;68,43
78;35;350.655;-118.838;68,60
78;36;350.655;-118.806;71,17
78;37;350.655;-118.773;72,23
78;38;350.655;-118.741;74,55
78;39;350.655;-118.708;78,99
78;40;350.655;-118.676;88,84
78;41;350.655;-118.643;86,14
78;42;350.655;-118.611;42,22
78;43;350.655;-118.579;38,99
78;44;350.655;-118.546;40,68
78;45;350.655;-118.514;40,56
78;46;350.655;-118.481;40,63
78;47;350.655;-118.449;40,62
78;48;350.655;-118.416;39,22
78;49;350.655;-118.384;36,66
78;50;350.655;-118.351;35,38
78;51;350.655;-118.319;33,85
78;52;350.655;-118.286;32,67
78;53;350.655;-118.254;31,56
78;54;350.655;-118.221;30,68
78;55;350.655;-118.189;29,99
78;56;350.655;-118.157;29,39
78;57;350.655;-118.124;28,95
78;58;350.655;-118.092;28,59
78;59;350.655;-118.059;28,19
78;60;350.655;-118.027;27,87
78;61;350.655;-117.994;28,00
78;62;350.655;-117.962;29,48
78;63;350.655;-117.929;29,76
78;64;350.655;-117.897;30,09
78;65;350.655;-117.864;30,30
78;66;350.655;-117.832;30,79
78;67;350.655;-117.799;30,64
78;68;350.655;-117.767;29,90
78;69;350.655;-117.735;29,12
78;70;350.655;-117.702;29,35
78;71;350.655;-117,67;29,77
78;72;350.655;-117.637;30,42
78;73;350.655;-117.605;30,93
78;74;350.655;-117.572;31,49
78;75;350.655;-117,54;32,03
78;76;350.655;-117.507;32,46
78;77;350.655;-117.475;32,17
78;78;350.655;-117.442;30,58
78;79;350.655;-117,41;28,67
78;80;350.655;-117.378;28,29
78;81;350.655;-117.345;29,02
78;82;350.655;-117.313;29,78
78;83;350.655;-117,28;30,34
78;84;350.655;-117.248;31,33
78;85;350.655;-117.215;32,61
78;86;350.655;-117.183;34,41
78;87;350.655;-117,15;36,43
78;88;350.655;-117.118;38,64
78;89;350.655;-117.085;40,68
78;90;350.655;-117.053;42,50
78;91;350.655;-117,02;43,70
78;92;350.655;-116.988;43,32
78;93;350.655;-116.956;41,94
78;94;350.655;-116.923;40,03
78;95;350.655;-116.891;37,98
78;96;350.655;-116.858;35,93
78;97;350.655;-116.826;34,02
78;98;350.655;-116.793;32,93
78;99;350.655;-116.761;32,65
79;1;35.092;-119.942;81,13
79;2;35.092;-119.909;80,95
79;3;35.092;-119.877;80,21
79;4;35.092;-119.844;79,94
79;5;35.092;-119.812;79,55
79;6;35.092;-119,78;79,08
79;7;35.092;-119.747;77,69
79;8;35.092;-119.715;75,90
79;9;35.092;-119.682;76,54
79;10;35.092;-119,65;77,33
79;11;35.092;-119.617;78,00
79;12;35.092;-119.585;77,87
79;13;35.092;-119.552;77,52
79;14;35.092;-119,52;77,71
79;15;35.092;-119.487;75,68
79;16;35.092;-119.455;73,97
79;17;35.092;-119.422;71,10
79;18;35.092;-119,39;69,33
79;19;35.092;-119.358;67,61
79;20;35.092;-119.325;65,97
79;21;35.092;-119.293;64,92
79;22;35.092;-119,26;65,07
79;23;35.092;-119.228;64,92
79;24;35.092;-119.195;65,33
79;25;35.092;-119.163;64,26
79;26;35.092;-119,13;64,41
79;27;35.092;-119.098;65,35
79;28;35.092;-119.065;67,75
79;29;35.092;-119.033;68,77
79;30;35.092;-119;68,73
79;31;35.092;-118.968;68,44
79;32;35.092;-118.936;68,73
79;33;35.092;-118.903;69,19
79;34;35.092;-118.871;67,89
79;35;35.092;-118.838;67,17
79;36;35.092;-118.806;69,24
79;37;35.092;-118.773;71,70
79;38;35.092;-118.741;74,61
79;39;35.092;-118.708;80,32
79;40;35.092;-118.676;87,03
79;41;35.092;-118.643;88,14
79;42;35.092;-118.611;50,92
79;43;35.092;-118.579;38,35
79;44;35.092;-118.546;39,43
79;45;35.092;-118.514;38,75
79;46;35.092;-118.481;39,07
79;47;35.092;-118.449;38,49
79;48;35.092;-118.416;37,80
79;49;35.092;-118.384;36,64
79;50;35.092;-118.351;35,81
79;51;35.092;-118.319;34,91
79;52;35.092;-118.286;34,09
79;53;35.092;-118.254;33,05
79;54;35.092;-118.221;32,07
79;55;35.092;-118.189;31,05
79;56;35.092;-118.157;30,14
79;57;35.092;-118.124;29,35
79;58;35.092;-118.092;28,63
79;59;35.092;-118.059;28,11
79;60;35.092;-118.027;27,66
79;61;35.092;-117.994;27,45
79;62;35.092;-117.962;27,32
79;63;35.092;-117.929;27,81
79;64;35.092;-117.897;29,13
79;65;35.092;-117.864;29,33
79;66;35.092;-117.832;29,75
79;67;35.092;-117.799;29,92
79;68;35.092;-117.767;29,22
79;69;35.092;-117.735;29,58
79;70;35.092;-117.702;29,70
79;71;35.092;-117,67;29,94
79;72;35.092;-117.637;30,33
79;73;35.092;-117.605;30,94
79;74;35.092;-117.572;31,53
79;75;35.092;-117,54;32,13
79;76;35.092;-117.507;32,70
79;77;35.092;-117.475;32,69
79;78;35.092;-117.442;31,33
79;79;35.092;-117,41;29,21
79;80;35.092;-117.378;28,50
79;81;35.092;-117.345;29,31
79;82;35.092;-117.313;30,02
79;83;35.092;-117,28;30,62
79;84;35.092;-117.248;31,59
79;85;35.092;-117.215;33,03
79;86;35.092;-117.183;34,76
79;87;35.092;-117,15;36,82
79;88;35.092;-117.118;39,04
79;89;35.092;-117.085;41,12
79;90;35.092;-117.053;42,94
79;91;35.092;-117,02;44,26
79;92;35.092;-116.988;43,98
79;93;35.092;-116.956;42,50
79;94;35.092;-116.923;40,45
79;95;35.092;-116.891;38,32
79;96;35.092;-116.858;36,19
79;97;35.092;-116.826;34,27
79;98;35.092;-116.793;33,27
79;99;35.092;-116.761;33,17
80;1;351.186;-119.942;80,93
80;2;351.186;-119.909;80,63
80;3;351.186;-119.877;80,38
80;4;351.186;-119.844;80,02
80;5;351.186;-119.812;78,88
80;6;351.186;-119,78;77,45
80;7;351.186;-119.747;76,42
80;8;351.186;-119.715;75,44
80;9;351.186;-119.682;77,56
80;10;351.186;-119,65;77,67
80;11;351.186;-119.617;78,28
80;12;351.186;-119.585;78,23
80;13;351.186;-119.552;77,40
80;14;351.186;-119,52;77,06
80;15;351.186;-119.487;74,57
80;16;351.186;-119.455;72,26
80;17;351.186;-119.422;69,92
80;18;351.186;-119,39;68,22
80;19;351.186;-119.358;66,48
80;20;351.186;-119.325;64,99
80;21;351.186;-119.293;64,13
80;22;351.186;-119,26;64,11
80;23;351.186;-119.228;64,01
80;24;351.186;-119.195;64,03
80;25;351.186;-119.163;63,22
80;26;351.186;-119,13;63,88
80;27;351.186;-119.098;65,10
80;28;351.186;-119.065;66,98
80;29;351.186;-119.033;67,59
80;30;351.186;-119;67,40
80;31;351.186;-118.968;67,31
80;32;351.186;-118.936;67,59
80;33;351.186;-118.903;67,55
80;34;351.186;-118.871;66,25
80;35;351.186;-118.838;66,32
80;36;351.186;-118.806;68,74
80;37;351.186;-118.773;72,87
80;38;351.186;-118.741;75,18
80;39;351.186;-118.708;80,74
80;40;351.186;-118.676;84,92
80;41;351.186;-118.643;90,43
80;42;351.186;-118.611;63,02
80;43;351.186;-118.579;44,98
80;44;351.186;-118.546;41,29
80;45;351.186;-118.514;37,57
80;46;351.186;-118.481;37,43
80;47;351.186;-118.449;37,35
80;48;351.186;-118.416;36,60
80;49;351.186;-118.384;36,54
80;50;351.186;-118.351;36,13
80;51;351.186;-118.319;35,83
80;52;351.186;-118.286;35,40
80;53;351.186;-118.254;34,53
80;54;351.186;-118.221;33,45
80;55;351.186;-118.189;32,14
80;56;351.186;-118.157;30,92
80;57;351.186;-118.124;29,85
80;58;351.186;-118.092;28,81
80;59;351.186;-118.059;28,05
80;60;351.186;-118.027;27,51
80;61;351.186;-117.994;27,29
80;62;351.186;-117.962;27,34
80;63;351.186;-117.929;27,54
80;64;351.186;-117.897;27,77
80;65;351.186;-117.864;28,17
80;66;351.186;-117.832;28,57
80;67;351.186;-117.799;28,99
80;68;351.186;-117.767;29,46
80;69;351.186;-117.735;29,57
80;70;351.186;-117.702;29,73
80;71;351.186;-117,67;29,95
80;72;351.186;-117.637;30,34
80;73;351.186;-117.605;30,88
80;74;351.186;-117.572;31,46
80;75;351.186;-117,54;32,10
80;76;351.186;-117.507;32,80
80;77;351.186;-117.475;33,09
80;78;351.186;-117.442;32,12
80;79;351.186;-117,41;29,97
80;80;351.186;-117.378;28,88
80;81;351.186;-117.345;29,69
80;82;351.186;-117.313;30,68
80;83;351.186;-117,28;31,30
80;84;351.186;-117.248;32,21
80;85;351.186;-117.215;33,57
80;86;351.186;-117.183;35,19
80;87;351.186;-117,15;37,07
80;88;351.186;-117.118;39,17
80;89;351.186;-117.085;41,16
80;90;351.186;-117.053;42,91
80;91;351.186;-117,02;44,34
80;92;351.186;-116.988;44,38
80;93;351.186;-116.956;43,04
80;94;351.186;-116.923;40,98
80;95;351.186;-116.891;38,98
80;96;351.186;-116.858;36,94
80;97;351.186;-116.826;35,04
80;98;351.186;-116.793;34,08
80;99;351.186;-116.761;34,03
81;1;351.451;-119.942;81,29
81;2;351.451;-119.909;80,94
81;3;351.451;-119.877;80,62
81;4;351.451;-119.844;80,19
81;5;351.451;-119.812;79,38
81;6;351.451;-119,78;77,52
81;7;351.451;-119.747;76,44
81;8;351.451;-119.715;76,24
81;9;351.451;-119.682;78,14
81;10;351.451;-119,65;78,38
81;11;351.451;-119.617;78,61
81;12;351.451;-119.585;78,32
81;13;351.451;-119.552;77,67
81;14;351.451;-119,52;76,37
81;15;351.451;-119.487;74,08
81;16;351.451;-119.455;71,71
81;17;351.451;-119.422;69,26
81;18;351.451;-119,39;67,68
81;19;351.451;-119.358;65,77
81;20;351.451;-119.325;64,44
81;21;351.451;-119.293;63,80
81;22;351.451;-119,26;63,70
81;23;351.451;-119.228;63,66
81;24;351.451;-119.195;63,70
81;25;351.451;-119.163;64,08
81;26;351.451;-119,13;65,22
81;27;351.451;-119.098;66,02
81;28;351.451;-119.065;67,27
81;29;351.451;-119.033;67,28
81;30;351.451;-119;66,51
81;31;351.451;-118.968;66,10
81;32;351.451;-118.936;66,03
81;33;351.451;-118.903;66,49
81;34;351.451;-118.871;65,38
81;35;351.451;-118.838;66,00
81;36;351.451;-118.806;68,28
81;37;351.451;-118.773;70,79
81;38;351.451;-118.741;75,80
81;39;351.451;-118.708;80,96
81;40;351.451;-118.676;86,21
81;41;351.451;-118.643;88,17
81;42;351.451;-118.611;70,94
81;43;351.451;-118.579;57,31
81;44;351.451;-118.546;52,31
81;45;351.451;-118.514;42,39
81;46;351.451;-118.481;35,58
81;47;351.451;-118.449;36,03
81;48;351.451;-118.416;35,70
81;49;351.451;-118.384;36,01
81;50;351.451;-118.351;36,17
81;51;351.451;-118.319;36,49
81;52;351.451;-118.286;36,45
81;53;351.451;-118.254;35,88
81;54;351.451;-118.221;34,79
81;55;351.451;-118.189;33,22
81;56;351.451;-118.157;31,74
81;57;351.451;-118.124;30,37
81;58;351.451;-118.092;29,04
81;59;351.451;-118.059;28,06
81;60;351.451;-118.027;27,40
81;61;351.451;-117.994;27,00
81;62;351.451;-117.962;26,81
81;63;351.451;-117.929;27,12
81;64;351.451;-117.897;27,73
81;65;351.451;-117.864;28,26
81;66;351.451;-117.832;28,73
81;67;351.451;-117.799;29,17
81;68;351.451;-117.767;29,59
81;69;351.451;-117.735;29,87
81;70;351.451;-117.702;30,01
81;71;351.451;-117,67;30,15
81;72;351.451;-117.637;30,39
81;73;351.451;-117.605;30,83
81;74;351.451;-117.572;31,33
81;75;351.451;-117,54;31,95
81;76;351.451;-117.507;32,73
81;77;351.451;-117.475;33,34
81;78;351.451;-117.442;32,89
81;79;351.451;-117,41;30,91
81;80;351.451;-117.378;29,43
81;81;351.451;-117.345;30,06
81;82;351.451;-117.313;31,36
81;83;351.451;-117,28;32,13
81;84;351.451;-117.248;33,02
81;85;351.451;-117.215;34,26
81;86;351.451;-117.183;35,71
81;87;351.451;-117,15;37,32
81;88;351.451;-117.118;39,07
81;89;351.451;-117.085;40,69
81;90;351.451;-117.053;42,44
81;91;351.451;-117,02;43,94
81;92;351.451;-116.988;44,39
81;93;351.451;-116.956;43,43
81;94;351.451;-116.923;41,51
81;95;351.451;-116.891;39,73
81;96;351.451;-116.858;37,97
81;97;351.451;-116.826;36,18
81;98;351.451;-116.793;35,24
81;99;351.451;-116.761;35,12
82;1;351.717;-119.942;83,01
82;2;351.717;-119.909;82,07
82;3;351.717;-119.877;81,10
82;4;351.717;-119.844;79,96
82;5;351.717;-119.812;79,15
82;6;351.717;-119,78;77,68
82;7;351.717;-119.747;76,54
82;8;351.717;-119.715;77,22
82;9;351.717;-119.682;78,42
82;10;351.717;-119,65;78,91
82;11;351.717;-119.617;78,79
82;12;351.717;-119.585;78,14
82;13;351.717;-119.552;77,30
82;14;351.717;-119,52;75,67
82;15;351.717;-119.487;73,46
82;16;351.717;-119.455;71,25
82;17;351.717;-119.422;69,23
82;18;351.717;-119,39;67,72
82;19;351.717;-119.358;65,16
82;20;351.717;-119.325;63,99
82;21;351.717;-119.293;63,45
82;22;351.717;-119,26;63,31
82;23;351.717;-119.228;63,31
82;24;351.717;-119.195;63,38
82;25;351.717;-119.163;65,26
82;26;351.717;-119,13;66,40
82;27;351.717;-119.098;66,80
82;28;351.717;-119.065;66,91
82;29;351.717;-119.033;66,54
82;30;351.717;-119;65,64
82;31;351.717;-118.968;65,09
82;32;351.717;-118.936;64,81
82;33;351.717;-118.903;65,34
82;34;351.717;-118.871;64,24
82;35;351.717;-118.838;64,95
82;36;351.717;-118.806;66,54
82;37;351.717;-118.773;69,40
82;38;351.717;-118.741;73,04
82;39;351.717;-118.708;80,39
82;40;351.717;-118.676;86,09
82;41;351.717;-118.643;86,17
82;42;351.717;-118.611;78,03
82;43;351.717;-118.579;70,22
82;44;351.717;-118.546;70,66
82;45;351.717;-118.514;59,85
82;46;351.717;-118.481;40,39
82;47;351.717;-118.449;34,20
82;48;351.717;-118.416;35,30
82;49;351.717;-118.384;35,61
82;50;351.717;-118.351;36,10
82;51;351.717;-118.319;37,01
82;52;351.717;-118.286;37,19
82;53;351.717;-118.254;37,14
82;54;351.717;-118.221;36,10
82;55;351.717;-118.189;34,33
82;56;351.717;-118.157;32,64
82;57;351.717;-118.124;30,97
82;58;351.717;-118.092;29,35
82;59;351.717;-118.059;28,14
82;60;351.717;-118.027;27,35
82;61;351.717;-117.994;26,88
82;62;351.717;-117.962;26,59
82;63;351.717;-117.929;26,76
82;64;351.717;-117.897;27,38
82;65;351.717;-117.864;28,17
82;66;351.717;-117.832;28,83
82;67;351.717;-117.799;29,42
82;68;351.717;-117.767;29,91
82;69;351.717;-117.735;30,10
82;70;351.717;-117.702;30,26
82;71;351.717;-117,67;30,37
82;72;351.717;-117.637;30,48
82;73;351.717;-117.605;30,76
82;74;351.717;-117.572;31,15
82;75;351.717;-117,54;31,76
82;76;351.717;-117.507;32,63
82;77;351.717;-117.475;33,54
82;78;351.717;-117.442;33,70
82;79;351.717;-117,41;32,14
82;80;351.717;-117.378;30,32
82;81;351.717;-117.345;30,55
82;82;351.717;-117.313;32,15
82;83;351.717;-117,28;33,22
82;84;351.717;-117.248;34,01
82;85;351.717;-117.215;35,08
82;86;351.717;-117.183;36,31
82;87;351.717;-117,15;37,51
82;88;351.717;-117.118;38,78
82;89;351.717;-117.085;40,16
82;90;351.717;-117.053;41,47
82;91;351.717;-117,02;42,90
82;92;351.717;-116.988;43,84
82;93;351.717;-116.956;43,59
82;94;351.717;-116.923;42,16
82;95;351.717;-116.891;40,77
82;96;351.717;-116.858;39,46
82;97;351.717;-116.826;37,90
82;98;351.717;-116.793;36,94
82;99;351.717;-116.761;36,55
83;1;351.982;-119.942;82,70
83;2;351.982;-119.909;81,70
83;3;351.982;-119.877;80,97
83;4;351.982;-119.844;80,29
83;5;351.982;-119.812;79,46
83;6;351.982;-119,78;77,69
83;7;351.982;-119.747;77,74
83;8;351.982;-119.715;78,72
83;9;351.982;-119.682;78,87
83;10;351.982;-119,65;79,29
83;11;351.982;-119.617;78,84
83;12;351.982;-119.585;77,80
83;13;351.982;-119.552;76,69
83;14;351.982;-119,52;74,93
83;15;351.982;-119.487;72,97
83;16;351.982;-119.455;71,11
83;17;351.982;-119.422;69,35
83;18;351.982;-119,39;67,93
83;19;351.982;-119.358;65,66
83;20;351.982;-119.325;64,54
83;21;351.982;-119.293;63,89
83;22;351.982;-119,26;63,88
83;23;351.982;-119.228;63,88
83;24;351.982;-119.195;64,10
83;25;351.982;-119.163;65,30
83;26;351.982;-119,13;66,11
83;27;351.982;-119.098;66,38
83;28;351.982;-119.065;66,37
83;29;351.982;-119.033;65,83
83;30;351.982;-119;64,79
83;31;351.982;-118.968;64,29
83;32;351.982;-118.936;64,27
83;33;351.982;-118.903;64,79
83;34;351.982;-118.871;63,56
83;35;351.982;-118.838;64,19
83;36;351.982;-118.806;65,23
83;37;351.982;-118.773;68,16
83;38;351.982;-118.741;71,48
83;39;351.982;-118.708;78,23
83;40;351.982;-118.676;84,28
83;41;351.982;-118.643;88,21
83;42;351.982;-118.611;87,60
83;43;351.982;-118.579;83,01
83;44;351.982;-118.546;79,33
83;45;351.982;-118.514;75,88
83;46;351.982;-118.481;55,75
83;47;351.982;-118.449;35,73
83;48;351.982;-118.416;33,82
83;49;351.982;-118.384;35,12
83;50;351.982;-118.351;35,75
83;51;351.982;-118.319;36,82
83;52;351.982;-118.286;37,10
83;53;351.982;-118.254;37,48
83;54;351.982;-118.221;36,63
83;55;351.982;-118.189;35,00
83;56;351.982;-118.157;33,24
83;57;351.982;-118.124;31,41
83;58;351.982;-118.092;29,57
83;59;351.982;-118.059;28,22
83;60;351.982;-118.027;27,31
83;61;351.982;-117.994;26,74
83;62;351.982;-117.962;26,36
83;63;351.982;-117.929;26,44
83;64;351.982;-117.897;27,19
83;65;351.982;-117.864;28,01
83;66;351.982;-117.832;28,76
83;67;351.982;-117.799;29,48
83;68;351.982;-117.767;30,06
83;69;351.982;-117.735;30,32
83;70;351.982;-117.702;30,54
83;71;351.982;-117,67;30,69
83;72;351.982;-117.637;30,75
83;73;351.982;-117.605;30,87
83;74;351.982;-117.572;31,10
83;75;351.982;-117,54;31,57
83;76;351.982;-117.507;32,35
83;77;351.982;-117.475;33,40
83;78;351.982;-117.442;34,14
83;79;351.982;-117,41;33,31
83;80;351.982;-117.378;31,34
83;81;351.982;-117.345;30,97
83;82;351.982;-117.313;32,74
83;83;351.982;-117,28;34,22
83;84;351.982;-117.248;34,94
83;85;351.982;-117.215;35,84
83;86;351.982;-117.183;36,89
83;87;351.982;-117,15;37,80
83;88;351.982;-117.118;38,62
83;89;351.982;-117.085;39,63
83;90;351.982;-117.053;40,67
83;91;351.982;-117,02;41,98
83;92;351.982;-116.988;43,16
83;93;351.982;-116.956;43,53
83;94;351.982;-116.923;42,78
83;95;351.982;-116.891;41,73
83;96;351.982;-116.858;40,65
83;97;351.982;-116.826;39,27
83;98;351.982;-116.793;38,34
83;99;351.982;-116.761;37,78
84;1;352.247;-119.942;81,30
84;2;352.247;-119.909;80,85
84;3;352.247;-119.877;80,77
84;4;352.247;-119.844;81,43
84;5;352.247;-119.812;81,43
84;6;352.247;-119,78;78,81
84;7;352.247;-119.747;79,19
84;8;352.247;-119.715;79,66
84;9;352.247;-119.682;79,93
84;10;352.247;-119,65;79,69
84;11;352.247;-119.617;78,72
84;12;352.247;-119.585;77,73
84;13;352.247;-119.552;76,33
84;14;352.247;-119,52;74,58
84;15;352.247;-119.487;72,62
84;16;352.247;-119.455;71,08
84;17;352.247;-119.422;69,65
84;18;352.247;-119,39;68,39
84;19;352.247;-119.358;66,34
84;20;352.247;-119.325;65,12
84;21;352.247;-119.293;64,38
84;22;352.247;-119,26;64,38
84;23;352.247;-119.228;64,52
84;24;352.247;-119.195;64,58
84;25;352.247;-119.163;65,71
84;26;352.247;-119,13;66,50
84;27;352.247;-119.098;66,56
84;28;352.247;-119.065;65,93
84;29;352.247;-119.033;64,86
84;30;352.247;-119;63,80
84;31;352.247;-118.968;63,44
84;32;352.247;-118.936;63,50
84;33;352.247;-118.903;63,51
84;34;352.247;-118.871;62,67
84;35;352.247;-118.838;63,42
84;36;352.247;-118.806;64,27
84;37;352.247;-118.773;66,92
84;38;352.247;-118.741;69,41
84;39;352.247;-118.708;75,63
84;40;352.247;-118.676;81,06
84;41;352.247;-118.643;84,40
84;42;352.247;-118.611;85,44
84;43;352.247;-118.579;82,88
84;44;352.247;-118.546;81,77
84;45;352.247;-118.514;79,35
84;46;352.247;-118.481;69,27
84;47;352.247;-118.449;44,47
84;48;352.247;-118.416;32,22
84;49;352.247;-118.384;34,55
84;50;352.247;-118.351;34,53
84;51;352.247;-118.319;35,80
84;52;352.247;-118.286;36,34
84;53;352.247;-118.254;36,97
84;54;352.247;-118.221;36,26
84;55;352.247;-118.189;34,75
84;56;352.247;-118.157;33,45
84;57;352.247;-118.124;31,65
84;58;352.247;-118.092;29,77
84;59;352.247;-118.059;28,34
84;60;352.247;-118.027;27,34
84;61;352.247;-117.994;26,76
84;62;352.247;-117.962;26,23
84;63;352.247;-117.929;26,17
84;64;352.247;-117.897;26,73
84;65;352.247;-117.864;27,61
84;66;352.247;-117.832;28,48
84;67;352.247;-117.799;29,23
84;68;352.247;-117.767;30,09
84;69;352.247;-117.735;30,49
84;70;352.247;-117.702;30,82
84;71;352.247;-117,67;31,05
84;72;352.247;-117.637;31,13
84;73;352.247;-117.605;31,11
84;74;352.247;-117.572;31,16
84;75;352.247;-117,54;31,43
84;76;352.247;-117.507;31,95
84;77;352.247;-117.475;32,98
84;78;352.247;-117.442;34,16
84;79;352.247;-117,41;34,29
84;80;352.247;-117.378;32,59
84;81;352.247;-117.345;31,48
84;82;352.247;-117.313;33,06
84;83;352.247;-117,28;35,04
84;84;352.247;-117.248;35,85
84;85;352.247;-117.215;36,54
84;86;352.247;-117.183;37,38
84;87;352.247;-117,15;38,08
84;88;352.247;-117.118;38,52
84;89;352.247;-117.085;39,26
84;90;352.247;-117.053;40,23
84;91;352.247;-117,02;41,29
84;92;352.247;-116.988;42,44
84;93;352.247;-116.956;43,29
84;94;352.247;-116.923;43,24
84;95;352.247;-116.891;42,62
84;96;352.247;-116.858;41,65
84;97;352.247;-116.826;40,41
84;98;352.247;-116.793;39,52
84;99;352.247;-116.761;38,84
85;1;352.512;-119.942;78,47
85;2;352.512;-119.909;78,64
85;3;352.512;-119.877;79,25
85;4;352.512;-119.844;83,41
85;5;352.512;-119.812;84,43
85;6;352.512;-119,78;80,71
85;7;352.512;-119.747;80,22
85;8;352.512;-119.715;80,69
85;9;352.512;-119.682;81,03
85;10;352.512;-119,65;80,39
85;11;352.512;-119.617;78,90
85;12;352.512;-119.585;77,50
85;13;352.512;-119.552;76,03
85;14;352.512;-119,52;74,28
85;15;352.512;-119.487;72,55
85;16;352.512;-119.455;71,46
85;17;352.512;-119.422;70,34
85;18;352.512;-119,39;68,92
85;19;352.512;-119.358;67,50
85;20;352.512;-119.325;66,24
85;21;352.512;-119.293;65,42
85;22;352.512;-119,26;65,39
85;23;352.512;-119.228;65,19
85;24;352.512;-119.195;65,44
85;25;352.512;-119.163;65,84
85;26;352.512;-119,13;66,17
85;27;352.512;-119.098;65,85
85;28;352.512;-119.065;64,85
85;29;352.512;-119.033;63,70
85;30;352.512;-119;62,72
85;31;352.512;-118.968;62,19
85;32;352.512;-118.936;62,01
85;33;352.512;-118.903;61,89
85;34;352.512;-118.871;61,73
85;35;352.512;-118.838;62,20
85;36;352.512;-118.806;63,05
85;37;352.512;-118.773;64,89
85;38;352.512;-118.741;67,35
85;39;352.512;-118.708;70,89
85;40;352.512;-118.676;76,01
85;41;352.512;-118.643;79,32
85;42;352.512;-118.611;81,20
85;43;352.512;-118.579;80,95
85;44;352.512;-118.546;81,07
85;45;352.512;-118.514;78,49
85;46;352.512;-118.481;77,34
85;47;352.512;-118.449;54,25
85;48;352.512;-118.416;32,74
85;49;352.512;-118.384;33,17
85;50;352.512;-118.351;33,09
85;51;352.512;-118.319;33,96
85;52;352.512;-118.286;34,85
85;53;352.512;-118.254;35,43
85;54;352.512;-118.221;35,22
85;55;352.512;-118.189;34,34
85;56;352.512;-118.157;33,08
85;57;352.512;-118.124;31,56
85;58;352.512;-118.092;29,82
85;59;352.512;-118.059;28,45
85;60;352.512;-118.027;27,39
85;61;352.512;-117.994;26,71
85;62;352.512;-117.962;26,20
85;63;352.512;-117.929;25,96
85;64;352.512;-117.897;26,16
85;65;352.512;-117.864;27,00
85;66;352.512;-117.832;27,98
85;67;352.512;-117.799;29,05
85;68;352.512;-117.767;29,96
85;69;352.512;-117.735;30,69
85;70;352.512;-117.702;31,19
85;71;352.512;-117,67;31,48
85;72;352.512;-117.637;31,60
85;73;352.512;-117.605;31,42
85;74;352.512;-117.572;31,26
85;75;352.512;-117,54;31,28
85;76;352.512;-117.507;31,68
85;77;352.512;-117.475;32,54
85;78;352.512;-117.442;33,81
85;79;352.512;-117,41;34,77
85;80;352.512;-117.378;33,83
85;81;352.512;-117.345;32,22
85;82;352.512;-117.313;33,12
85;83;352.512;-117,28;35,49
85;84;352.512;-117.248;36,53
85;85;352.512;-117.215;37,09
85;86;352.512;-117.183;37,75
85;87;352.512;-117,15;38,24
85;88;352.512;-117.118;38,43
85;89;352.512;-117.085;38,97
85;90;352.512;-117.053;39,86
85;91;352.512;-117,02;40,82
85;92;352.512;-116.988;41,91
85;93;352.512;-116.956;43,06
85;94;352.512;-116.923;43,55
85;95;352.512;-116.891;43,23
85;96;352.512;-116.858;42,32
85;97;352.512;-116.826;41,18
85;98;352.512;-116.793;40,34
85;99;352.512;-116.761;39,61
86;1;352.777;-119.942;76,54
86;2;352.777;-119.909;76,96
86;3;352.777;-119.877;79,39
86;4;352.777;-119.844;84,51
86;5;352.777;-119.812;85,42
86;6;352.777;-119,78;82,64
86;7;352.777;-119.747;82,75
86;8;352.777;-119.715;82,04
86;9;352.777;-119.682;81,25
86;10;352.777;-119,65;79,95
86;11;352.777;-119.617;78,16
86;12;352.777;-119.585;76,44
86;13;352.777;-119.552;74,98
86;14;352.777;-119,52;73,30
86;15;352.777;-119.487;71,96
86;16;352.777;-119.455;71,27
86;17;352.777;-119.422;70,42
86;18;352.777;-119,39;69,19
86;19;352.777;-119.358;67,61
86;20;352.777;-119.325;66,53
86;21;352.777;-119.293;66,02
86;22;352.777;-119,26;65,86
86;23;352.777;-119.228;65,49
86;24;352.777;-119.195;65,93
86;25;352.777;-119.163;66,55
86;26;352.777;-119,13;66,58
86;27;352.777;-119.098;65,80
86;28;352.777;-119.065;64,57
86;29;352.777;-119.033;63,57
86;30;352.777;-119;62,44
86;31;352.777;-118.968;61,66
86;32;352.777;-118.936;61,71
86;33;352.777;-118.903;61,84
86;34;352.777;-118.871;61,69
86;35;352.777;-118.838;61,93
86;36;352.777;-118.806;62,64
86;37;352.777;-118.773;64,34
86;38;352.777;-118.741;66,92
86;39;352.777;-118.708;70,00
86;40;352.777;-118.676;73,58
86;41;352.777;-118.643;76,13
86;42;352.777;-118.611;76,93
86;43;352.777;-118.579;76,66
86;44;352.777;-118.546;77,46
86;45;352.777;-118.514;73,93
86;46;352.777;-118.481;77,69
86;47;352.777;-118.449;55,94
86;48;352.777;-118.416;32,71
86;49;352.777;-118.384;32,24
86;50;352.777;-118.351;32,51
86;51;352.777;-118.319;33,04
86;52;352.777;-118.286;33,89
86;53;352.777;-118.254;34,39
86;54;352.777;-118.221;34,36
86;55;352.777;-118.189;33,72
86;56;352.777;-118.157;32,83
86;57;352.777;-118.124;31,60
86;58;352.777;-118.092;30,06
86;59;352.777;-118.059;28,75
86;60;352.777;-118.027;27,65
86;61;352.777;-117.994;26,80
86;62;352.777;-117.962;26,22
86;63;352.777;-117.929;26,00
86;64;352.777;-117.897;25,91
86;65;352.777;-117.864;26,59
86;66;352.777;-117.832;27,57
86;67;352.777;-117.799;28,79
86;68;352.777;-117.767;29,80
86;69;352.777;-117.735;30,64
86;70;352.777;-117.702;31,32
86;71;352.777;-117,67;31,75
86;72;352.777;-117.637;31,90
86;73;352.777;-117.605;31,78
86;74;352.777;-117.572;31,62
86;75;352.777;-117,54;31,51
86;76;352.777;-117.507;31,54
86;77;352.777;-117.475;32,21
86;78;352.777;-117.442;33,57
86;79;352.777;-117,41;35,07
86;80;352.777;-117.378;35,03
86;81;352.777;-117.345;33,32
86;82;352.777;-117.313;33,19
86;83;352.777;-117,28;35,47
86;84;352.777;-117.248;37,12
86;85;352.777;-117.215;37,76
86;86;352.777;-117.183;38,22
86;87;352.777;-117,15;38,62
86;88;352.777;-117.118;38,68
86;89;352.777;-117.085;39,02
86;90;352.777;-117.053;39,65
86;91;352.777;-117,02;40,39
86;92;352.777;-116.988;41,47
86;93;352.777;-116.956;42,75
86;94;352.777;-116.923;43,60
86;95;352.777;-116.891;43,41
86;96;352.777;-116.858;42,74
86;97;352.777;-116.826;41,79
86;98;352.777;-116.793;41,04
86;99;352.777;-116.761;40,29
87;1;353.042;-119.942;75,82
87;2;353.042;-119.909;77,35
87;3;353.042;-119.877;79,98
87;4;353.042;-119.844;84,64
87;5;353.042;-119.812;85,07
87;6;353.042;-119,78;83,84
87;7;353.042;-119.747;83,76
87;8;353.042;-119.715;82,95
87;9;353.042;-119.682;80,49
87;10;353.042;-119,65;78,16
87;11;353.042;-119.617;76,41
87;12;353.042;-119.585;74,75
87;13;353.042;-119.552;73,59
87;14;353.042;-119,52;72,18
87;15;353.042;-119.487;71,40
87;16;353.042;-119.455;70,65
87;17;353.042;-119.422;69,81
87;18;353.042;-119,39;68,63
87;19;353.042;-119.358;67,71
87;20;353.042;-119.325;67,30
87;21;353.042;-119.293;66,97
87;22;353.042;-119,26;66,65
87;23;353.042;-119.228;66,05
87;24;353.042;-119.195;66,50
87;25;353.042;-119.163;66,61
87;26;353.042;-119,13;66,23
87;27;353.042;-119.098;65,08
87;28;353.042;-119.065;63,70
87;29;353.042;-119.033;62,81
87;30;353.042;-119;61,18
87;31;353.042;-118.968;60,61
87;32;353.042;-118.936;60,96
87;33;353.042;-118.903;61,31
87;34;353.042;-118.871;61,62
87;35;353.042;-118.838;62,16
87;36;353.042;-118.806;63,05
87;37;353.042;-118.773;64,74
87;38;353.042;-118.741;67,26
87;39;353.042;-118.708;70,44
87;40;353.042;-118.676;73,89
87;41;353.042;-118.643;76,29
87;42;353.042;-118.611;77,72
87;43;353.042;-118.579;77,42
87;44;353.042;-118.546;76,89
87;45;353.042;-118.514;73,96
87;46;353.042;-118.481;76,41
87;47;353.042;-118.449;48,70
87;48;353.042;-118.416;31,65
87;49;353.042;-118.384;31,75
87;50;353.042;-118.351;32,34
87;51;353.042;-118.319;32,84
87;52;353.042;-118.286;33,53
87;53;353.042;-118.254;33,79
87;54;353.042;-118.221;33,71
87;55;353.042;-118.189;33,22
87;56;353.042;-118.157;32,55
87;57;353.042;-118.124;31,60
87;58;353.042;-118.092;30,29
87;59;353.042;-118.059;29,11
87;60;353.042;-118.027;28,05
87;61;353.042;-117.994;27,19
87;62;353.042;-117.962;26,59
87;63;353.042;-117.929;26,28
87;64;353.042;-117.897;25,96
87;65;353.042;-117.864;26,44
87;66;353.042;-117.832;27,34
87;67;353.042;-117.799;28,43
87;68;353.042;-117.767;29,49
87;69;353.042;-117.735;30,44
87;70;353.042;-117.702;31,12
87;71;353.042;-117,67;31,91
87;72;353.042;-117.637;32,12
87;73;353.042;-117.605;32,12
87;74;353.042;-117.572;32,13
87;75;353.042;-117,54;31,99
87;76;353.042;-117.507;31,84
87;77;353.042;-117.475;32,29
87;78;353.042;-117.442;33,46
87;79;353.042;-117,41;35,14
87;80;353.042;-117.378;35,78
87;81;353.042;-117.345;34,35
87;82;353.042;-117.313;33,20
87;83;353.042;-117,28;34,86
87;84;353.042;-117.248;37,30
87;85;353.042;-117.215;38,36
87;86;353.042;-117.183;38,79
87;87;353.042;-117,15;39,16
87;88;353.042;-117.118;39,21
87;89;353.042;-117.085;39,45
87;90;353.042;-117.053;39,92
87;91;353.042;-117,02;40,36
87;92;353.042;-116.988;41,26
87;93;353.042;-116.956;42,43
87;94;353.042;-116.923;43,37
87;95;353.042;-116.891;43,31
87;96;353.042;-116.858;42,85
87;97;353.042;-116.826;42,08
87;98;353.042;-116.793;41,37
87;99;353.042;-116.761;40,85
88;1;353.307;-119.942;76,51
88;2;353.307;-119.909;79,10
88;3;353.307;-119.877;82,50
88;4;353.307;-119.844;85,29
88;5;353.307;-119.812;87,58
88;6;353.307;-119,78;84,94
88;7;353.307;-119.747;84,52
88;8;353.307;-119.715;81,99
88;9;353.307;-119.682;78,99
88;10;353.307;-119,65;75,92
88;11;353.307;-119.617;73,77
88;12;353.307;-119.585;72,46
88;13;353.307;-119.552;71,99
88;14;353.307;-119,52;71,18
88;15;353.307;-119.487;70,90
88;16;353.307;-119.455;69,34
88;17;353.307;-119.422;68,38
88;18;353.307;-119,39;67,58
88;19;353.307;-119.358;67,82
88;20;353.307;-119.325;67,87
88;21;353.307;-119.293;67,49
88;22;353.307;-119,26;67,03
88;23;353.307;-119.228;66,57
88;24;353.307;-119.195;66,81
88;25;353.307;-119.163;65,79
88;26;353.307;-119,13;65,13
88;27;353.307;-119.098;64,13
88;28;353.307;-119.065;62,74
88;29;353.307;-119.033;61,55
88;30;353.307;-119;59,36
88;31;353.307;-118.968;59,99
88;32;353.307;-118.936;60,54
88;33;353.307;-118.903;61,08
88;34;353.307;-118.871;61,58
88;35;353.307;-118.838;62,38
88;36;353.307;-118.806;63,60
88;37;353.307;-118.773;65,53
88;38;353.307;-118.741;68,00
88;39;353.307;-118.708;71,26
88;40;353.307;-118.676;74,69
88;41;353.307;-118.643;77,33
88;42;353.307;-118.611;78,56
88;43;353.307;-118.579;79,82
88;44;353.307;-118.546;78,13
88;45;353.307;-118.514;78,48
88;46;353.307;-118.481;67,33
88;47;353.307;-118.449;36,55
88;48;353.307;-118.416;31,47
88;49;353.307;-118.384;31,54
88;50;353.307;-118.351;32,32
88;51;353.307;-118.319;33,04
88;52;353.307;-118.286;33,67
88;53;353.307;-118.254;33,87
88;54;353.307;-118.221;33,61
88;55;353.307;-118.189;33,09
88;56;353.307;-118.157;32,43
88;57;353.307;-118.124;31,71
88;58;353.307;-118.092;30,64
88;59;353.307;-118.059;29,66
88;60;353.307;-118.027;28,67
88;61;353.307;-117.994;27,84
88;62;353.307;-117.962;27,22
88;63;353.307;-117.929;26,72
88;64;353.307;-117.897;26,29
88;65;353.307;-117.864;26,35
88;66;353.307;-117.832;27,19
88;67;353.307;-117.799;27,98
88;68;353.307;-117.767;28,92
88;69;353.307;-117.735;29,95
88;70;353.307;-117.702;31,01
88;71;353.307;-117,67;31,88
88;72;353.307;-117.637;32,18
88;73;353.307;-117.605;32,43
88;74;353.307;-117.572;32,84
88;75;353.307;-117,54;32,80
88;76;353.307;-117.507;32,52
88;77;353.307;-117.475;32,74
88;78;353.307;-117.442;33,68
88;79;353.307;-117,41;35,10
88;80;353.307;-117.378;36,16
88;81;353.307;-117.345;35,49
88;82;353.307;-117.313;33,74
88;83;353.307;-117,28;34,15
88;84;353.307;-117.248;36,96
88;85;353.307;-117.215;38,80
88;86;353.307;-117.183;39,49
88;87;353.307;-117,15;39,92
88;88;353.307;-117.118;40,12
88;89;353.307;-117.085;40,36
88;90;353.307;-117.053;40,63
88;91;353.307;-117,02;40,64
88;92;353.307;-116.988;41,35
88;93;353.307;-116.956;42,18
88;94;353.307;-116.923;43,07
88;95;353.307;-116.891;42,94
88;96;353.307;-116.858;42,67
88;97;353.307;-116.826;42,19
88;98;353.307;-116.793;41,85
88;99;353.307;-116.761;41,26
89;1;353.572;-119.942;77,13
89;2;353.572;-119.909;80,15
89;3;353.572;-119.877;83,66
89;4;353.572;-119.844;87,45
89;5;353.572;-119.812;89,29
89;6;353.572;-119,78;85,88
89;7;353.572;-119.747;82,73
89;8;353.572;-119.715;79,79
89;9;353.572;-119.682;76,67
89;10;353.572;-119,65;74,26
89;11;353.572;-119.617;71,96
89;12;353.572;-119.585;71,08
89;13;353.572;-119.552;70,96
89;14;353.572;-119,52;70,41
89;15;353.572;-119.487;70,11
89;16;353.572;-119.455;68,65
89;17;353.572;-119.422;67,98
89;18;353.572;-119,39;67,78
89;19;353.572;-119.358;68,30
89;20;353.572;-119.325;68,34
89;21;353.572;-119.293;68,02
89;22;353.572;-119,26;67,77
89;23;353.572;-119.228;67,26
89;24;353.572;-119.195;67,25
89;25;353.572;-119.163;66,09
89;26;353.572;-119,13;65,55
89;27;353.572;-119.098;65,22
89;28;353.572;-119.065;64,15
89;29;353.572;-119.033;62,73
89;30;353.572;-119;60,43
89;31;353.572;-118.968;60,62
89;32;353.572;-118.936;60,79
89;33;353.572;-118.903;61,27
89;34;353.572;-118.871;61,71
89;35;353.572;-118.838;62,75
89;36;353.572;-118.806;64,20
89;37;353.572;-118.773;66,26
89;38;353.572;-118.741;68,48
89;39;353.572;-118.708;72,14
89;40;353.572;-118.676;75,67
89;41;353.572;-118.643;78,86
89;42;353.572;-118.611;80,11
89;43;353.572;-118.579;82,12
89;44;353.572;-118.546;78,33
89;45;353.572;-118.514;74,30
89;46;353.572;-118.481;42,77
89;47;353.572;-118.449;31,59
89;48;353.572;-118.416;31,88
89;49;353.572;-118.384;32,18
89;50;353.572;-118.351;32,87
89;51;353.572;-118.319;33,73
89;52;353.572;-118.286;34,29
89;53;353.572;-118.254;34,46
89;54;353.572;-118.221;33,97
89;55;353.572;-118.189;33,13
89;56;353.572;-118.157;32,21
89;57;353.572;-118.124;31,56
89;58;353.572;-118.092;30,79
89;59;353.572;-118.059;30,04
89;60;353.572;-118.027;29,19
89;61;353.572;-117.994;28,44
89;62;353.572;-117.962;27,88
89;63;353.572;-117.929;27,42
89;64;353.572;-117.897;27,00
89;65;353.572;-117.864;26,66
89;66;353.572;-117.832;27,02
89;67;353.572;-117.799;27,85
89;68;353.572;-117.767;28,81
89;69;353.572;-117.735;29,84
89;70;353.572;-117.702;30,89
89;71;353.572;-117,67;31,79
89;72;353.572;-117.637;32,19
89;73;353.572;-117.605;32,65
89;74;353.572;-117.572;33,26
89;75;353.572;-117,54;33,36
89;76;353.572;-117.507;33,06
89;77;353.572;-117.475;33,17
89;78;353.572;-117.442;33,83
89;79;353.572;-117,41;34,94
89;80;353.572;-117.378;36,31
89;81;353.572;-117.345;36,42
89;82;353.572;-117.313;34,77
89;83;353.572;-117,28;33,84
89;84;353.572;-117.248;36,07
89;85;353.572;-117.215;38,49
89;86;353.572;-117.183;39,50
89;87;353.572;-117,15;40,13
89;88;353.572;-117.118;40,50
89;89;353.572;-117.085;40,82
89;90;353.572;-117.053;41,03
89;91;353.572;-117,02;40,98
89;92;353.572;-116.988;41,58
89;93;353.572;-116.956;42,13
89;94;353.572;-116.923;42,79
89;95;353.572;-116.891;42,67
89;96;353.572;-116.858;42,59
89;97;353.572;-116.826;42,28
89;98;353.572;-116.793;42,12
89;99;353.572;-116.761;41,72
90;1;353.837;-119.942;77,22
90;2;353.837;-119.909;80,86
90;3;353.837;-119.877;84,15
90;4;353.837;-119.844;87,66
90;5;353.837;-119.812;90,03
90;6;353.837;-119,78;86,20
90;7;353.837;-119.747;81,50
90;8;353.837;-119.715;77,99
90;9;353.837;-119.682;75,04
90;10;353.837;-119,65;72,41
90;11;353.837;-119.617;70,84
90;12;353.837;-119.585;70,34
90;13;353.837;-119.552;69,95
90;14;353.837;-119,52;69,28
90;15;353.837;-119.487;68,63
90;16;353.837;-119.455;67,59
90;17;353.837;-119.422;67,42
90;18;353.837;-119,39;67,70
90;19;353.837;-119.358;68,24
90;20;353.837;-119.325;68,29
90;21;353.837;-119.293;68,16
90;22;353.837;-119,26;68,67
90;23;353.837;-119.228;68,19
90;24;353.837;-119.195;67,78
90;25;353.837;-119.163;66,56
90;26;353.837;-119,13;66,06
90;27;353.837;-119.098;65,92
90;28;353.837;-119.065;64,78
90;29;353.837;-119.033;63,18
90;30;353.837;-119;60,75
90;31;353.837;-118.968;60,60
90;32;353.837;-118.936;60,88
90;33;353.837;-118.903;61,46
90;34;353.837;-118.871;62,13
90;35;353.837;-118.838;63,36
90;36;353.837;-118.806;65,38
90;37;353.837;-118.773;68,01
90;38;353.837;-118.741;70,68
90;39;353.837;-118.708;74,65
90;40;353.837;-118.676;77,21
90;41;353.837;-118.643;80,59
90;42;353.837;-118.611;77,91
90;43;353.837;-118.579;83,80
90;44;353.837;-118.546;76,44
90;45;353.837;-118.514;40,02
90;46;353.837;-118.481;31,77
90;47;353.837;-118.449;32,60
90;48;353.837;-118.416;32,81
90;49;353.837;-118.384;33,58
90;50;353.837;-118.351;34,24
90;51;353.837;-118.319;34,94
90;52;353.837;-118.286;35,20
90;53;353.837;-118.254;35,28
90;54;353.837;-118.221;34,66
90;55;353.837;-118.189;33,63
90;56;353.837;-118.157;32,30
90;57;353.837;-118.124;31,46
90;58;353.837;-118.092;30,86
90;59;353.837;-118.059;30,35
90;60;353.837;-118.027;29,69
90;61;353.837;-117.994;29,04
90;62;353.837;-117.962;28,58
90;63;353.837;-117.929;28,35
90;64;353.837;-117.897;28,09
90;65;353.837;-117.864;27,58
90;66;353.837;-117.832;27,63
90;67;353.837;-117.799;28,21
90;68;353.837;-117.767;28,97
90;69;353.837;-117.735;29,90
90;70;353.837;-117.702;30,83
90;71;353.837;-117,67;31,60
90;72;353.837;-117.637;32,00
90;73;353.837;-117.605;32,65
90;74;353.837;-117.572;33,27
90;75;353.837;-117,54;33,59
90;76;353.837;-117.507;33,46
90;77;353.837;-117.475;33,43
90;78;353.837;-117.442;33,89
90;79;353.837;-117,41;34,71
90;80;353.837;-117.378;35,93
90;81;353.837;-117.345;36,52
90;82;353.837;-117.313;35,29
90;83;353.837;-117,28;33,36
90;84;353.837;-117.248;34,47
90;85;353.837;-117.215;37,27
90;86;353.837;-117.183;38,91
90;87;353.837;-117,15;39,81
90;88;353.837;-117.118;40,38
90;89;353.837;-117.085;40,68
90;90;353.837;-117.053;40,95
90;91;353.837;-117,02;41,03
90;92;353.837;-116.988;41,56
90;93;353.837;-116.956;42,01
90;94;353.837;-116.923;42,59
90;95;353.837;-116.891;42,66
90;96;353.837;-116.858;42,68
90;97;353.837;-116.826;42,49
90;98;353.837;-116.793;42,45
90;99;353.837;-116.761;42,24
91;1;354.101;-119.942;77,88
91;2;354.101;-119.909;80,67
91;3;354.101;-119.877;83,73
91;4;354.101;-119.844;87,32
91;5;354.101;-119.812;89,04
91;6;354.101;-119,78;86,00
91;7;354.101;-119.747;80,41
91;8;354.101;-119.715;76,22
91;9;354.101;-119.682;73,23
91;10;354.101;-119,65;71,03
91;11;354.101;-119.617;69,62
91;12;354.101;-119.585;69,32
91;13;354.101;-119.552;68,26
91;14;354.101;-119,52;67,43
91;15;354.101;-119.487;66,68
91;16;354.101;-119.455;66,89
91;17;354.101;-119.422;67,36
91;18;354.101;-119,39;67,80
91;19;354.101;-119.358;67,90
91;20;354.101;-119.325;68,06
91;21;354.101;-119.293;68,33
91;22;354.101;-119,26;69,47
91;23;354.101;-119.228;69,17
91;24;354.101;-119.195;68,42
91;25;354.101;-119.163;67,90
91;26;354.101;-119,13;67,53
91;27;354.101;-119.098;67,45
91;28;354.101;-119.065;65,28
91;29;354.101;-119.033;63,54
91;30;354.101;-119;61,27
91;31;354.101;-118.968;60,88
91;32;354.101;-118.936;61,06
91;33;354.101;-118.903;61,70
91;34;354.101;-118.871;62,54
91;35;354.101;-118.838;64,14
91;36;354.101;-118.806;66,83
91;37;354.101;-118.773;70,05
91;38;354.101;-118.741;74,12
91;39;354.101;-118.708;75,84
91;40;354.101;-118.676;80,98
91;41;354.101;-118.643;83,37
91;42;354.101;-118.611;48,70
91;43;354.101;-118.579;44,29
91;44;354.101;-118.546;33,73
91;45;354.101;-118.514;34,67
91;46;354.101;-118.481;34,62
91;47;354.101;-118.449;35,03
91;48;354.101;-118.416;35,33
91;49;354.101;-118.384;36,58
91;50;354.101;-118.351;37,05
91;51;354.101;-118.319;37,26
91;52;354.101;-118.286;36,91
91;53;354.101;-118.254;36,55
91;54;354.101;-118.221;35,68
91;55;354.101;-118.189;34,43
91;56;354.101;-118.157;32,73
91;57;354.101;-118.124;31,54
91;58;354.101;-118.092;30,89
91;59;354.101;-118.059;30,57
91;60;354.101;-118.027;30,16
91;61;354.101;-117.994;29,73
91;62;354.101;-117.962;29,50
91;63;354.101;-117.929;29,73
91;64;354.101;-117.897;29,72
91;65;354.101;-117.864;29,25
91;66;354.101;-117.832;28,93
91;67;354.101;-117.799;29,21
91;68;354.101;-117.767;29,61
91;69;354.101;-117.735;30,29
91;70;354.101;-117.702;30,90
91;71;354.101;-117,67;31,41
91;72;354.101;-117.637;31,86
91;73;354.101;-117.605;32,52
91;74;354.101;-117.572;33,16
91;75;354.101;-117,54;33,51
91;76;354.101;-117.507;33,47
91;77;354.101;-117.475;33,55
91;78;354.101;-117.442;34,04
91;79;354.101;-117,41;34,51
91;80;354.101;-117.378;35,38
91;81;354.101;-117.345;36,08
91;82;354.101;-117.313;35,37
91;83;354.101;-117,28;33,03
91;84;354.101;-117.248;32,64
91;85;354.101;-117.215;35,26
91;86;354.101;-117.183;37,60
91;87;354.101;-117,15;38,89
91;88;354.101;-117.118;39,74
91;89;354.101;-117.085;40,44
91;90;354.101;-117.053;40,88
91;91;354.101;-117,02;41,17
91;92;354.101;-116.988;41,72
91;93;354.101;-116.956;42,10
91;94;354.101;-116.923;42,43
91;95;354.101;-116.891;42,70
91;96;354.101;-116.858;42,88
91;97;354.101;-116.826;42,83
91;98;354.101;-116.793;42,84
91;99;354.101;-116.761;42,82
92;1;354.366;-119.942;79,48
92;2;354.366;-119.909;80,51
92;3;354.366;-119.877;82,52
92;4;354.366;-119.844;84,62
92;5;354.366;-119.812;84,86
92;6;354.366;-119,78;82,49
92;7;354.366;-119.747;78,24
92;8;354.366;-119.715;74,75
92;9;354.366;-119.682;71,91
92;10;354.366;-119,65;69,92
92;11;354.366;-119.617;68,50
92;12;354.366;-119.585;68,19
92;13;354.366;-119.552;67,24
92;14;354.366;-119,52;66,68
92;15;354.366;-119.487;66,30
92;16;354.366;-119.455;66,71
92;17;354.366;-119.422;67,55
92;18;354.366;-119,39;67,79
92;19;354.366;-119.358;68,09
92;20;354.366;-119.325;68,21
92;21;354.366;-119.293;68,48
92;22;354.366;-119,26;69,19
92;23;354.366;-119.228;69,06
92;24;354.366;-119.195;68,68
92;25;354.366;-119.163;67,89
92;26;354.366;-119,13;67,52
92;27;354.366;-119.098;67,26
92;28;354.366;-119.065;65,17
92;29;354.366;-119.033;63,74
92;30;354.366;-119;62,08
92;31;354.366;-118.968;62,00
92;32;354.366;-118.936;61,95
92;33;354.366;-118.903;62,53
92;34;354.366;-118.871;63,66
92;35;354.366;-118.838;65,36
92;36;354.366;-118.806;68,24
92;37;354.366;-118.773;71,65
92;38;354.366;-118.741;75,80
92;39;354.366;-118.708;75,57
92;40;354.366;-118.676;90,01
92;41;354.366;-118.643;57,52
92;42;354.366;-118.611;29,66
92;43;354.366;-118.579;36,11
92;44;354.366;-118.546;35,16
92;45;354.366;-118.514;35,51
92;46;354.366;-118.481;36,49
92;47;354.366;-118.449;36,87
92;48;354.366;-118.416;37,52
92;49;354.366;-118.384;38,59
92;50;354.366;-118.351;38,67
92;51;354.366;-118.319;38,43
92;52;354.366;-118.286;37,62
92;53;354.366;-118.254;36,95
92;54;354.366;-118.221;35,95
92;55;354.366;-118.189;34,75
92;56;354.366;-118.157;33,09
92;57;354.366;-118.124;31,72
92;58;354.366;-118.092;31,01
92;59;354.366;-118.059;30,82
92;60;354.366;-118.027;30,59
92;61;354.366;-117.994;30,29
92;62;354.366;-117.962;30,17
92;63;354.366;-117.929;30,64
92;64;354.366;-117.897;30,98
92;65;354.366;-117.864;30,60
92;66;354.366;-117.832;29,88
92;67;354.366;-117.799;29,90
92;68;354.366;-117.767;30,03
92;69;354.366;-117.735;30,54
92;70;354.366;-117.702;30,98
92;71;354.366;-117,67;31,27
92;72;354.366;-117.637;31,72
92;73;354.366;-117.605;32,37
92;74;354.366;-117.572;33,01
92;75;354.366;-117,54;33,39
92;76;354.366;-117.507;33,42
92;77;354.366;-117.475;33,62
92;78;354.366;-117.442;33,80
92;79;354.366;-117,41;34,11
92;80;354.366;-117.378;34,71
92;81;354.366;-117.345;35,35
92;82;354.366;-117.313;35,15
92;83;354.366;-117,28;33,02
92;84;354.366;-117.248;31,40
92;85;354.366;-117.215;33,15
92;86;354.366;-117.183;35,87
92;87;354.366;-117,15;37,57
92;88;354.366;-117.118;38,63
92;89;354.366;-117.085;39,45
92;90;354.366;-117.053;40,17
92;91;354.366;-117,02;40,55
92;92;354.366;-116.988;41,31
92;93;354.366;-116.956;41,87
92;94;354.366;-116.923;42,35
92;95;354.366;-116.891;42,75
92;96;354.366;-116.858;43,12
92;97;354.366;-116.826;43,25
92;98;354.366;-116.793;43,32
92;99;354.366;-116.761;43,42
93;1;35.463;-119.942;79,89
93;2;35.463;-119.909;79,99
93;3;35.463;-119.877;80,57
93;4;35.463;-119.844;81,47
93;5;35.463;-119.812;81,16
93;6;35.463;-119,78;79,87
93;7;35.463;-119.747;76,75
93;8;35.463;-119.715;73,72
93;9;35.463;-119.682;71,40
93;10;35.463;-119,65;69,29
93;11;35.463;-119.617;67,70
93;12;35.463;-119.585;67,31
93;13;35.463;-119.552;66,73
93;14;35.463;-119,52;66,68
93;15;35.463;-119.487;66,67
93;16;35.463;-119.455;67,54
93;17;35.463;-119.422;68,53
93;18;35.463;-119,39;68,84
93;19;35.463;-119.358;69,19
93;20;35.463;-119.325;69,48
93;21;35.463;-119.293;68,89
93;22;35.463;-119,26;69,28
93;23;35.463;-119.228;68,90
93;24;35.463;-119.195;68,83
93;25;35.463;-119.163;68,17
93;26;35.463;-119,13;67,95
93;27;35.463;-119.098;67,79
93;28;35.463;-119.065;66,36
93;29;35.463;-119.033;65,02
93;30;35.463;-119;64,06
93;31;35.463;-118.968;64,45
93;32;35.463;-118.936;64,32
93;33;35.463;-118.903;64,62
93;34;35.463;-118.871;65,40
93;35;35.463;-118.838;66,93
93;36;35.463;-118.806;69,72
93;37;35.463;-118.773;73,53
93;38;35.463;-118.741;76,29
93;39;35.463;-118.708;79,09
93;40;35.463;-118.676;83,42
93;41;35.463;-118.643;50,50
93;42;35.463;-118.611;33,27
93;43;35.463;-118.579;34,40
93;44;35.463;-118.546;34,57
93;45;35.463;-118.514;35,92
93;46;35.463;-118.481;36,48
93;47;35.463;-118.449;37,36
93;48;35.463;-118.416;37,76
93;49;35.463;-118.384;38,30
93;50;35.463;-118.351;38,26
93;51;35.463;-118.319;37,77
93;52;35.463;-118.286;36,82
93;53;35.463;-118.254;36,14
93;54;35.463;-118.221;35,26
93;55;35.463;-118.189;34,19
93;56;35.463;-118.157;33,27
93;57;35.463;-118.124;32,00
93;58;35.463;-118.092;31,33
93;59;35.463;-118.059;31,16
93;60;35.463;-118.027;31,00
93;61;35.463;-117.994;30,72
93;62;35.463;-117.962;30,66
93;63;35.463;-117.929;31,18
93;64;35.463;-117.897;31,87
93;65;35.463;-117.864;31,78
93;66;35.463;-117.832;30,47
93;67;35.463;-117.799;30,33
93;68;35.463;-117.767;30,26
93;69;35.463;-117.735;30,52
93;70;35.463;-117.702;31,04
93;71;35.463;-117,67;31,15
93;72;35.463;-117.637;31,41
93;73;35.463;-117.605;31,89
93;74;35.463;-117.572;32,39
93;75;35.463;-117,54;32,74
93;76;35.463;-117.507;32,84
93;77;35.463;-117.475;33,06
93;78;35.463;-117.442;33,29
93;79;35.463;-117,41;33,54
93;80;35.463;-117.378;33,98
93;81;35.463;-117.345;34,49
93;82;35.463;-117.313;34,61
93;83;35.463;-117,28;33,06
93;84;35.463;-117.248;30,72
93;85;35.463;-117.215;31,19
93;86;35.463;-117.183;33,83
93;87;35.463;-117,15;35,90
93;88;35.463;-117.118;37,17
93;89;35.463;-117.085;38,03
93;90;35.463;-117.053;38,89
93;91;35.463;-117,02;39,46
93;92;35.463;-116.988;40,50
93;93;35.463;-116.956;41,41
93;94;35.463;-116.923;42,38
93;95;35.463;-116.891;43,13
93;96;35.463;-116.858;43,70
93;97;35.463;-116.826;44,04
93;98;35.463;-116.793;44,01
93;99;35.463;-116.761;44,04
94;1;354.895;-119.942;80,21
94;2;354.895;-119.909;79,38
94;3;354.895;-119.877;78,69
94;4;354.895;-119.844;78,11
94;5;354.895;-119.812;77,95
94;6;354.895;-119,78;76,70
94;7;354.895;-119.747;75,11
94;8;354.895;-119.715;73,28
94;9;354.895;-119.682;71,72
94;10;354.895;-119,65;69,03
94;11;354.895;-119.617;67,42
94;12;354.895;-119.585;66,68
94;13;354.895;-119.552;66,80
94;14;354.895;-119,52;67,21
94;15;354.895;-119.487;67,50
94;16;354.895;-119.455;68,97
94;17;354.895;-119.422;69,96
94;18;354.895;-119,39;70,26
94;19;354.895;-119.358;70,57
94;20;354.895;-119.325;71,03
94;21;354.895;-119.293;70,66
94;22;354.895;-119,26;69,87
94;23;354.895;-119.228;69,21
94;24;354.895;-119.195;69,13
94;25;354.895;-119.163;68,68
94;26;354.895;-119,13;68,32
94;27;354.895;-119.098;67,95
94;28;354.895;-119.065;67,73
94;29;354.895;-119.033;66,78
94;30;354.895;-119;66,59
94;31;354.895;-118.968;66,52
94;32;354.895;-118.936;66,71
94;33;354.895;-118.903;67,22
94;34;354.895;-118.871;67,74
94;35;354.895;-118.838;69,02
94;36;354.895;-118.806;71,28
94;37;354.895;-118.773;74,63
94;38;354.895;-118.741;77,48
94;39;354.895;-118.708;80,13
94;40;354.895;-118.676;77,86
94;41;354.895;-118.643;46,51
94;42;354.895;-118.611;32,84
94;43;354.895;-118.579;34,20
94;44;354.895;-118.546;34,61
94;45;354.895;-118.514;36,14
94;46;354.895;-118.481;37,10
94;47;354.895;-118.449;37,52
94;48;354.895;-118.416;37,65
94;49;354.895;-118.384;37,82
94;50;354.895;-118.351;37,86
94;51;354.895;-118.319;37,28
94;52;354.895;-118.286;36,20
94;53;354.895;-118.254;35,24
94;54;354.895;-118.221;34,46
94;55;354.895;-118.189;33,62
94;56;354.895;-118.157;33,00
94;57;354.895;-118.124;32,17
94;58;354.895;-118.092;31,65
94;59;354.895;-118.059;31,42
94;60;354.895;-118.027;31,24
94;61;354.895;-117.994;30,86
94;62;354.895;-117.962;30,76
94;63;354.895;-117.929;31,08
94;64;354.895;-117.897;32,15
94;65;354.895;-117.864;32,80
94;66;354.895;-117.832;30,68
94;67;354.895;-117.799;30,46
94;68;354.895;-117.767;30,31
94;69;354.895;-117.735;30,56
94;70;354.895;-117.702;31,18
94;71;354.895;-117,67;31,09
94;72;354.895;-117.637;31,05
94;73;354.895;-117.605;31,26
94;74;354.895;-117.572;31,52
94;75;354.895;-117,54;31,76
94;76;354.895;-117.507;31,84
94;77;354.895;-117.475;32,11
94;78;354.895;-117.442;32,40
94;79;354.895;-117,41;32,76
94;80;354.895;-117.378;33,18
94;81;354.895;-117.345;33,59
94;82;354.895;-117.313;33,87
94;83;354.895;-117,28;32,93
94;84;354.895;-117.248;30,47
94;85;354.895;-117.215;29,63
94;86;354.895;-117.183;31,51
94;87;354.895;-117,15;33,69
94;88;354.895;-117.118;35,27
94;89;354.895;-117.085;36,08
94;90;354.895;-117.053;37,04
94;91;354.895;-117,02;37,78
94;92;354.895;-116.988;39,24
94;93;354.895;-116.956;40,69
94;94;354.895;-116.923;42,44
94;95;354.895;-116.891;43,74
94;96;354.895;-116.858;44,47
94;97;354.895;-116.826;45,11
94;98;354.895;-116.793;44,79
94;99;354.895;-116.761;44,72
95;1;355.159;-119.942;78,67
95;2;355.159;-119.909;77,76
95;3;355.159;-119.877;76,72
95;4;355.159;-119.844;75,43
95;5;355.159;-119.812;75,14
95;6;355.159;-119,78;74,39
95;7;355.159;-119.747;73,87
95;8;355.159;-119.715;73,00
95;9;355.159;-119.682;71,71
95;10;355.159;-119,65;69,34
95;11;355.159;-119.617;67,91
95;12;355.159;-119.585;67,27
95;13;355.159;-119.552;67,11
95;14;355.159;-119,52;67,44
95;15;355.159;-119.487;67,97
95;16;355.159;-119.455;69,56
95;17;355.159;-119.422;70,54
95;18;355.159;-119,39;71,13
95;19;355.159;-119.358;71,56
95;20;355.159;-119.325;72,14
95;21;355.159;-119.293;71,43
95;22;355.159;-119,26;70,58
95;23;355.159;-119.228;70,10
95;24;355.159;-119.195;69,75
95;25;355.159;-119.163;69,26
95;26;355.159;-119,13;68,84
95;27;355.159;-119.098;68,33
95;28;355.159;-119.065;67,72
95;29;355.159;-119.033;67,21
95;30;355.159;-119;67,41
95;31;355.159;-118.968;67,65
95;32;355.159;-118.936;68,39
95;33;355.159;-118.903;69,22
95;34;355.159;-118.871;69,69
95;35;355.159;-118.838;70,92
95;36;355.159;-118.806;72,42
95;37;355.159;-118.773;76,95
95;38;355.159;-118.741;79,73
95;39;355.159;-118.708;80,85
95;40;355.159;-118.676;69,79
95;41;355.159;-118.643;45,41
95;42;355.159;-118.611;33,89
95;43;355.159;-118.579;32,86
95;44;355.159;-118.546;33,54
95;45;355.159;-118.514;35,31
95;46;355.159;-118.481;37,25
95;47;355.159;-118.449;37,70
95;48;355.159;-118.416;37,47
95;49;355.159;-118.384;37,17
95;50;355.159;-118.351;36,90
95;51;355.159;-118.319;35,89
95;52;355.159;-118.286;33,97
95;53;355.159;-118.254;33,14
95;54;355.159;-118.221;32,78
95;55;355.159;-118.189;32,88
95;56;355.159;-118.157;32,68
95;57;355.159;-118.124;32,51
95;58;355.159;-118.092;32,37
95;59;355.159;-118.059;32,25
95;60;355.159;-118.027;32,00
95;61;355.159;-117.994;31,42
95;62;355.159;-117.962;31,20
95;63;355.159;-117.929;31,24
95;64;355.159;-117.897;32,22
95;65;355.159;-117.864;34,16
95;66;355.159;-117.832;31,14
95;67;355.159;-117.799;30,73
95;68;355.159;-117.767;30,47
95;69;355.159;-117.735;30,67
95;70;355.159;-117.702;31,02
95;71;355.159;-117,67;30,86
95;72;355.159;-117.637;30,58
95;73;355.159;-117.605;30,56
95;74;355.159;-117.572;30,66
95;75;355.159;-117,54;30,86
95;76;355.159;-117.507;31,01
95;77;355.159;-117.475;31,27
95;78;355.159;-117.442;31,62
95;79;355.159;-117,41;32,02
95;80;355.159;-117.378;32,48
95;81;355.159;-117.345;32,81
95;82;355.159;-117.313;33,20
95;83;355.159;-117,28;32,84
95;84;355.159;-117.248;30,78
95;85;355.159;-117.215;29,05
95;86;355.159;-117.183;29,94
95;87;355.159;-117,15;31,98
95;88;355.159;-117.118;33,74
95;89;355.159;-117.085;34,65
95;90;355.159;-117.053;35,75
95;91;355.159;-117,02;36,73
95;92;355.159;-116.988;38,46
95;93;355.159;-116.956;40,31
95;94;355.159;-116.923;42,56
95;95;355.159;-116.891;44,24
95;96;355.159;-116.858;45,16
95;97;355.159;-116.826;45,84
95;98;355.159;-116.793;45,62
95;99;355.159;-116.761;45,20
96;1;355.423;-119.942;75,89
96;2;355.423;-119.909;75,01
96;3;355.423;-119.877;74,32
96;4;355.423;-119.844;73,09
96;5;355.423;-119.812;72,56
96;6;355.423;-119,78;72,49
96;7;355.423;-119.747;73,19
96;8;355.423;-119.715;72,88
96;9;355.423;-119.682;71,92
96;10;355.423;-119,65;69,61
96;11;355.423;-119.617;68,33
96;12;355.423;-119.585;67,96
96;13;355.423;-119.552;68,02
96;14;355.423;-119,52;68,25
96;15;355.423;-119.487;68,93
96;16;355.423;-119.455;70,33
96;17;355.423;-119.422;71,26
96;18;355.423;-119,39;71,97
96;19;355.423;-119.358;72,45
96;20;355.423;-119.325;72,52
96;21;355.423;-119.293;72,29
96;22;355.423;-119,26;71,60
96;23;355.423;-119.228;70,89
96;24;355.423;-119.195;70,42
96;25;355.423;-119.163;69,81
96;26;355.423;-119,13;69,23
96;27;355.423;-119.098;68,78
96;28;355.423;-119.065;68,28
96;29;355.423;-119.033;68,21
96;30;355.423;-119;68,65
96;31;355.423;-118.968;69,39
96;32;355.423;-118.936;70,39
96;33;355.423;-118.903;71,29
96;34;355.423;-118.871;71,19
96;35;355.423;-118.838;72,65
96;36;355.423;-118.806;75,26
96;37;355.423;-118.773;81,54
96;38;355.423;-118.741;82,89
96;39;355.423;-118.708;78,63
96;40;355.423;-118.676;63,77
96;41;355.423;-118.643;47,93
96;42;355.423;-118.611;36,91
96;43;355.423;-118.579;32,56
96;44;355.423;-118.546;31,66
96;45;355.423;-118.514;33,17
96;46;355.423;-118.481;35,55
96;47;355.423;-118.449;35,94
96;48;355.423;-118.416;35,07
96;49;355.423;-118.384;33,41
96;50;355.423;-118.351;32,86
96;51;355.423;-118.319;32,42
96;52;355.423;-118.286;31,22
96;53;355.423;-118.254;30,70
96;54;355.423;-118.221;30,89
96;55;355.423;-118.189;31,69
96;56;355.423;-118.157;32,30
96;57;355.423;-118.124;32,88
96;58;355.423;-118.092;33,27
96;59;355.423;-118.059;33,53
96;60;355.423;-118.027;33,21
96;61;355.423;-117.994;32,26
96;62;355.423;-117.962;31,79
96;63;355.423;-117.929;31,55
96;64;355.423;-117.897;31,98
96;65;355.423;-117.864;32,95
96;66;355.423;-117.832;31,45
96;67;355.423;-117.799;30,71
96;68;355.423;-117.767;30,14
96;69;355.423;-117.735;30,28
96;70;355.423;-117.702;30,91
96;71;355.423;-117,67;30,77
96;72;355.423;-117.637;30,14
96;73;355.423;-117.605;29,88
96;74;355.423;-117.572;29,86
96;75;355.423;-117,54;30,03
96;76;355.423;-117.507;30,25
96;77;355.423;-117.475;30,55
96;78;355.423;-117.442;30,90
96;79;355.423;-117,41;31,25
96;80;355.423;-117.378;31,77
96;81;355.423;-117.345;32,14
96;82;355.423;-117.313;32,65
96;83;355.423;-117,28;32,77
96;84;355.423;-117.248;31,29
96;85;355.423;-117.215;29,36
96;86;355.423;-117.183;29,31
96;87;355.423;-117,15;30,85
96;88;355.423;-117.118;32,81
96;89;355.423;-117.085;33,70
96;90;355.423;-117.053;34,87
96;91;355.423;-117,02;36,18
96;92;355.423;-116.988;38,18
96;93;355.423;-116.956;40,27
96;94;355.423;-116.923;42,73
96;95;355.423;-116.891;44,56
96;96;355.423;-116.858;45,58
96;97;355.423;-116.826;46,31
96;98;355.423;-116.793;46,02
96;99;355.423;-116.761;45,50
97;1;355.687;-119.942;71,58
97;2;355.687;-119.909;71,66
97;3;355.687;-119.877;71,73
97;4;355.687;-119.844;71,85
97;5;355.687;-119.812;71,89
97;6;355.687;-119,78;72,13
97;7;355.687;-119.747;73,20
97;8;355.687;-119.715;73,13
97;9;355.687;-119.682;72,33
97;10;355.687;-119,65;70,07
97;11;355.687;-119.617;68,87
97;12;355.687;-119.585;68,60
97;13;355.687;-119.552;69,00
97;14;355.687;-119,52;69,31
97;15;355.687;-119.487;70,05
97;16;355.687;-119.455;70,96
97;17;355.687;-119.422;71,98
97;18;355.687;-119,39;72,75
97;19;355.687;-119.358;73,36
97;20;355.687;-119.325;73,69
97;21;355.687;-119.293;73,37
97;22;355.687;-119,26;72,56
97;23;355.687;-119.228;71,81
97;24;355.687;-119.195;71,09
97;25;355.687;-119.163;70,52
97;26;355.687;-119,13;69,82
97;27;355.687;-119.098;69,24
97;28;355.687;-119.065;68,63
97;29;355.687;-119.033;68,71
97;30;355.687;-119;69,48
97;31;355.687;-118.968;70,64
97;32;355.687;-118.936;72,07
97;33;355.687;-118.903;73,14
97;34;355.687;-118.871;72,86
97;35;355.687;-118.838;74,54
97;36;355.687;-118.806;77,58
97;37;355.687;-118.773;83,37
97;38;355.687;-118.741;84,47
97;39;355.687;-118.708;79,24
97;40;355.687;-118.676;64,66
97;41;355.687;-118.643;49,42
97;42;355.687;-118.611;38,14
97;43;355.687;-118.579;31,74
97;44;355.687;-118.546;29,45
97;45;355.687;-118.514;30,67
97;46;355.687;-118.481;32,66
97;47;355.687;-118.449;32,87
97;48;355.687;-118.416;31,41
97;49;355.687;-118.384;28,47
97;50;355.687;-118.351;27,68
97;51;355.687;-118.319;27,75
97;52;355.687;-118.286;27,91
97;53;355.687;-118.254;27,95
97;54;355.687;-118.221;28,87
97;55;355.687;-118.189;30,35
97;56;355.687;-118.157;31,66
97;57;355.687;-118.124;33,41
97;58;355.687;-118.092;34,43
97;59;355.687;-118.059;35,39
97;60;355.687;-118.027;35,05
97;61;355.687;-117.994;33,64
97;62;355.687;-117.962;32,71
97;63;355.687;-117.929;31,94
97;64;355.687;-117.897;31,78
97;65;355.687;-117.864;31,89
97;66;355.687;-117.832;31,28
97;67;355.687;-117.799;30,57
97;68;355.687;-117.767;29,61
97;69;355.687;-117.735;29,81
97;70;355.687;-117.702;30,88
97;71;355.687;-117,67;30,86
97;72;355.687;-117.637;29,78
97;73;355.687;-117.605;29,15
97;74;355.687;-117.572;29,17
97;75;355.687;-117,54;29,35
97;76;355.687;-117.507;29,67
97;77;355.687;-117.475;30,00
97;78;355.687;-117.442;30,35
97;79;355.687;-117,41;30,61
97;80;355.687;-117.378;31,21
97;81;355.687;-117.345;31,80
97;82;355.687;-117.313;32,53
97;83;355.687;-117,28;33,14
97;84;355.687;-117.248;31,92
97;85;355.687;-117.215;29,50
97;86;355.687;-117.183;29,07
97;87;355.687;-117,15;30,16
97;88;355.687;-117.118;31,97
97;89;355.687;-117.085;33,07
97;90;355.687;-117.053;34,43
97;91;355.687;-117,02;36,03
97;92;355.687;-116.988;38,12
97;93;355.687;-116.956;40,30
97;94;355.687;-116.923;42,80
97;95;355.687;-116.891;44,64
97;96;355.687;-116.858;45,92
97;97;355.687;-116.826;46,41
97;98;355.687;-116.793;46,11
97;99;355.687;-116.761;45,54
98;1;355.951;-119.942;68,27
98;2;355.951;-119.909;68,88
98;3;355.951;-119.877;69,53
98;4;355.951;-119.844;70,36
98;5;355.951;-119.812;70,92
98;6;355.951;-119,78;71,76
98;7;355.951;-119.747;72,97
98;8;355.951;-119.715;73,12
98;9;355.951;-119.682;72,45
98;10;355.951;-119,65;70,47
98;11;355.951;-119.617;69,43
98;12;355.951;-119.585;69,17
98;13;355.951;-119.552;69,54
98;14;355.951;-119,52;69,81
98;15;355.951;-119.487;70,52
98;16;355.951;-119.455;71,39
98;17;355.951;-119.422;72,37
98;18;355.951;-119,39;73,23
98;19;355.951;-119.358;73,93
98;20;355.951;-119.325;74,41
98;21;355.951;-119.293;74,13
98;22;355.951;-119,26;73,34
98;23;355.951;-119.228;72,57
98;24;355.951;-119.195;71,73
98;25;355.951;-119.163;70,96
98;26;355.951;-119,13;70,12
98;27;355.951;-119.098;69,44
98;28;355.951;-119.065;68,79
98;29;355.951;-119.033;68,96
98;30;355.951;-119;69,96
98;31;355.951;-118.968;71,36
98;32;355.951;-118.936;73,06
98;33;355.951;-118.903;74,35
98;34;355.951;-118.871;74,32
98;35;355.951;-118.838;76,40
98;36;355.951;-118.806;79,75
98;37;355.951;-118.773;85,40
98;38;355.951;-118.741;86,42
98;39;355.951;-118.708;80,21
98;40;355.951;-118.676;65,15
98;41;355.951;-118.643;50,93
98;42;355.951;-118.611;39,02
98;43;355.951;-118.579;32,04
98;44;355.951;-118.546;29,04
98;45;355.951;-118.514;29,73
98;46;355.951;-118.481;31,54
98;47;355.951;-118.449;31,41
98;48;355.951;-118.416;29,40
98;49;355.951;-118.384;25,23
98;50;355.951;-118.351;23,91
98;51;355.951;-118.319;24,22
98;52;355.951;-118.286;25,21
98;53;355.951;-118.254;25,85
98;54;355.951;-118.221;27,20
98;55;355.951;-118.189;28,95
98;56;355.951;-118.157;30,99
98;57;355.951;-118.124;33,19
98;58;355.951;-118.092;34,91
98;59;355.951;-118.059;36,46
98;60;355.951;-118.027;36,37
98;61;355.951;-117.994;34,85
98;62;355.951;-117.962;33,63
98;63;355.951;-117.929;32,43
98;64;355.951;-117.897;31,57
98;65;355.951;-117.864;31,21
98;66;355.951;-117.832;30,32
98;67;355.951;-117.799;29,62
98;68;355.951;-117.767;29,39
98;69;355.951;-117.735;29,56
98;70;355.951;-117.702;29,83
98;71;355.951;-117,67;29,90
98;72;355.951;-117.637;29,64
98;73;355.951;-117.605;28,55
98;74;355.951;-117.572;28,55
98;75;355.951;-117,54;28,71
98;76;355.951;-117.507;29,14
98;77;355.951;-117.475;29,49
98;78;355.951;-117.442;29,83
98;79;355.951;-117,41;29,98
98;80;355.951;-117.378;30,63
98;81;355.951;-117.345;31,34
98;82;355.951;-117.313;32,27
98;83;355.951;-117,28;33,20
98;84;355.951;-117.248;32,28
98;85;355.951;-117.215;29,82
98;86;355.951;-117.183;29,07
98;87;355.951;-117,15;29,76
98;88;355.951;-117.118;31,20
98;89;355.951;-117.085;32,49
98;90;355.951;-117.053;34,01
98;91;355.951;-117,02;35,69
98;92;355.951;-116.988;37,86
98;93;355.951;-116.956;40,16
98;94;355.951;-116.923;42,75
98;95;355.951;-116.891;44,76
98;96;355.951;-116.858;46,29
98;97;355.951;-116.826;46,35
98;98;355.951;-116.793;46,17
98;99;355.951;-116.761;45,73
99;1;356.215;-119.942;65,51
99;2;356.215;-119.909;66,56
99;3;356.215;-119.877;67,63
99;4;356.215;-119.844;68,97
99;5;356.215;-119.812;69,90
99;6;356.215;-119,78;71,07
99;7;356.215;-119.747;72,48
99;8;356.215;-119.715;72,76
99;9;356.215;-119.682;72,17
99;10;356.215;-119,65;70,73
99;11;356.215;-119.617;69,93
99;12;356.215;-119.585;69,65
99;13;356.215;-119.552;69,79
99;14;356.215;-119,52;69,97
99;15;356.215;-119.487;70,70
99;16;356.215;-119.455;71,59
99;17;356.215;-119.422;72,49
99;18;356.215;-119,39;73,32
99;19;356.215;-119.358;74,07
99;20;356.215;-119.325;74,59
99;21;356.215;-119.293;74,61
99;22;356.215;-119,26;73,94
99;23;356.215;-119.228;73,17
99;24;356.215;-119.195;72,25
99;25;356.215;-119.163;71,28
99;26;356.215;-119,13;70,35
99;27;356.215;-119.098;69,60
99;28;356.215;-119.065;68,96
99;29;356.215;-119.033;69,10
99;30;356.215;-119;70,10
99;31;356.215;-118.968;71,53
99;32;356.215;-118.936;73,17
99;33;356.215;-118.903;74,42
99;34;356.215;-118.871;75,06
99;35;356.215;-118.838;78,07
99;36;356.215;-118.806;82,06
99;37;356.215;-118.773;88,17
99;38;356.215;-118.741;87,82
99;39;356.215;-118.708;80,55
99;40;356.215;-118.676;64,94
99;41;356.215;-118.643;52,48
99;42;356.215;-118.611;41,11
99;43;356.215;-118.579;33,59
99;44;356.215;-118.546;29,65
99;45;356.215;-118.514;29,34
99;46;356.215;-118.481;30,79
99;47;356.215;-118.449;30,48
99;48;356.215;-118.416;28,25
99;49;356.215;-118.384;23,15
99;50;356.215;-118.351;21,05
99;51;356.215;-118.319;21,33
99;52;356.215;-118.286;22,96
99;53;356.215;-118.254;24,27
99;54;356.215;-118.221;25,93
99;55;356.215;-118.189;27,65
99;56;356.215;-118.157;29,85
99;57;356.215;-118.124;32,49
99;58;356.215;-118.092;34,72
99;59;356.215;-118.059;36,94
99;60;356.215;-118.027;37,28
99;61;356.215;-117.994;36,02
99;62;356.215;-117.962;34,62
99;63;356.215;-117.929;33,14
99;64;356.215;-117.897;31,67
99;65;356.215;-117.864;30,54
99;66;356.215;-117.832;29,41
99;67;356.215;-117.799;28,69
99;68;356.215;-117.767;28,39
99;69;356.215;-117.735;28,63
99;70;356.215;-117.702;28,84
99;71;356.215;-117,67;28,84
99;72;356.215;-117.637;28,71
99;73;356.215;-117.605;28,21
99;74;356.215;-117.572;28,06
99;75;356.215;-117,54;28,18
99;76;356.215;-117.507;28,72
99;77;356.215;-117.475;29,09
99;78;356.215;-117.442;29,43
99;79;356.215;-117,41;29,48
99;80;356.215;-117.378;30,12
99;81;356.215;-117.345;30,87
99;82;356.215;-117.313;32,04
99;83;356.215;-117,28;33,19
99;84;356.215;-117.248;32,51
99;85;356.215;-117.215;30,13
99;86;356.215;-117.183;29,23
99;87;356.215;-117,15;29,41
99;88;356.215;-117.118;30,52
99;89;356.215;-117.085;31,88
99;90;356.215;-117.053;33,60
99;91;356.215;-117,02;35,29
99;92;356.215;-116.988;37,50
99;93;356.215;-116.956;39,81
99;94;356.215;-116.923;42,39
99;95;356.215;-116.891;44,37
99;96;356.215;-116.858;45,99
99;97;356.215;-116.826;46,10
99;98;356.215;-116.793;46,21
99;99;356.215;-116.761;45,96
